# File produced by Open Asset Import Library (http://www.assimp.sf.net)
# (assimp v3.1.137539927)

mtllib Flashlight_model.mtl

# vertex positions
v 1.740515 5.626142 3.286306
v 1.408106 6.649190 3.286306
v 1.408106 6.649190 3.812878
v 1.740515 5.626142 3.812878
v 1.408106 4.603093 3.286306
v 1.408106 4.603093 3.812878
v 0.537849 3.970811 3.286306
v 0.537849 3.970811 3.812878
v -0.537849 3.970811 3.286306
v -0.537849 3.970811 3.812878
v -1.408106 4.603093 3.286306
v -1.408106 4.603093 3.812878
v -1.740515 5.626142 3.286306
v -1.740515 5.626142 3.812878
v -1.408107 6.649190 3.286306
v -1.408107 6.649190 3.812878
v -0.895782 7.015060 3.790176
v -0.332752 7.281469 3.368344
v 0.332751 7.281469 3.368344
v 0.910207 7.019476 3.782983
v 1.740515 5.626142 5.577322
v 1.408106 6.649190 5.577322
v 1.408106 6.649190 7.868339
v 1.740515 5.626142 7.868339
v 1.408106 4.603093 5.577322
v 1.408106 4.603093 7.868339
v 0.537849 3.970811 5.577322
v 0.537849 3.970811 7.868339
v -0.537849 3.970811 5.577322
v -0.537849 3.970811 7.868339
v -1.408106 4.603093 5.577322
v -1.408106 4.603093 7.868339
v -1.740515 5.626142 5.577322
v -1.740515 5.626142 7.868339
v -1.408107 6.649190 5.577322
v -1.408107 6.649190 7.868339
v -0.318096 7.281469 5.480671
v -0.537849 7.281469 7.868339
v 0.338561 7.281469 5.463368
v 0.537848 7.281469 7.868339
v 1.740515 5.626142 4.389327
v 1.408106 6.649190 4.389327
v 1.408106 6.649190 4.976861
v 1.740515 5.626142 4.976861
v 1.408106 4.603093 4.389327
v 1.408106 4.603093 4.976861
v 0.537849 3.970811 4.389327
v 0.537849 3.970811 4.976861
v -0.537849 3.970811 4.389327
v -0.537849 3.970811 4.976861
v -1.408106 4.603093 4.389327
v -1.408106 4.603093 4.976861
v -1.740515 5.626142 4.389327
v -1.740515 5.626142 4.976861
v -1.408107 6.649190 4.389327
v -1.408107 6.649190 4.976861
v -1.130819 6.898557 4.425416
v -0.895782 7.015060 5.048748
v 1.078871 6.884410 4.410708
v 0.877846 7.019476 5.051502
v 0.497709 7.574038 4.055017
v 0.190108 7.574038 3.831530
v 0.099946 7.689336 4.109021
v 0.261661 7.689336 4.226514
v -0.190108 7.574038 3.831530
v -0.099946 7.689336 4.109021
v -0.497709 7.574038 4.055017
v -0.261661 7.689336 4.226514
v -0.615202 7.574038 4.416623
v -0.323431 7.689336 4.416623
v -0.497709 7.574038 4.778229
v -0.261661 7.689336 4.606730
v -0.190108 7.574038 5.001715
v -0.099946 7.689336 4.724225
v 0.190108 7.574038 5.001715
v 0.099946 7.689336 4.724225
v 0.497709 7.574038 4.778229
v 0.261661 7.689336 4.606730
v 0.615202 7.574038 4.416623
v 0.323431 7.689336 4.416623
v 1.740515 5.626142 2.653800
v 1.408106 6.649190 2.653800
v 1.408106 4.603093 2.653800
v 0.537849 3.970811 2.653800
v -0.537849 3.970811 2.653800
v -1.408106 4.603093 2.653800
v -1.740515 5.626142 2.653800
v -1.408107 6.649190 2.653800
v -0.537849 7.281469 2.653800
v 0.537848 7.281469 2.653800
v -1.485453 6.709624 8.092804
v -0.567393 7.376635 8.092804
v -1.836121 5.630379 8.092804
v -1.485454 4.551134 8.092804
v -0.567393 3.884124 8.092804
v 0.567393 3.884124 8.092804
v 1.485453 4.551134 8.092804
v 1.836121 5.630379 8.092804
v 1.485453 6.709624 8.092804
v 0.567393 7.376634 8.092804
v 1.007986 2.528115 11.660868
v 2.638943 3.713074 11.660868
v 1.822095 4.306550 9.444452
v 0.695978 3.488378 9.444452
v -1.007987 2.528116 11.660868
v -0.695979 3.488378 9.444452
v -2.638944 3.713075 11.660868
v -1.822095 4.306550 9.444452
v -3.261913 5.630379 11.660868
v -2.252234 5.630379 9.444452
v -2.638943 7.547684 11.660868
v -1.822095 6.954209 9.444452
v -1.007986 8.732643 11.660868
v -0.695978 7.772380 9.444452
v 1.007987 8.732643 11.660868
v 0.695978 7.772380 9.444452
v 2.638943 7.547683 11.660868
v 1.822094 6.954208 9.444452
v 3.261913 5.630379 11.660868
v 2.252233 5.630379 9.444452
v 0.676513 7.402627 3.925107
v 0.684682 7.399592 3.919172
v 0.261525 7.399592 3.611730
v 0.258405 7.402627 3.621333
v 0.692326 7.404140 3.913618
v 0.264445 7.404140 3.602744
v 2.967415 3.474426 11.756413
v 1.133451 2.141974 11.756413
v -1.133452 2.141974 11.756413
v -2.967415 3.474427 11.756413
v -3.667926 5.630379 11.756413
v -2.967415 7.786333 11.756413
v -1.133451 9.118784 11.756413
v 1.133451 9.118784 11.756413
v 2.967414 7.786332 11.756413
v 3.667926 5.630379 11.756413
v -0.258405 7.402627 3.621333
v -0.676513 7.402627 3.925107
v -0.836216 7.402627 4.416623
v -0.676513 7.402627 4.908138
v -0.258405 7.402627 5.211911
v 0.258405 7.402627 5.211911
v 0.676513 7.402627 4.908138
v 0.836216 7.402627 4.416623
v 0.719002 7.439589 3.894237
v 0.275515 7.442655 3.568673
v -0.275516 7.442655 3.568673
v -0.264445 7.404140 3.602744
v -0.719002 7.439589 3.894237
v -0.692326 7.404140 3.913618
v -0.887680 7.438455 4.416623
v -0.855762 7.404140 4.416623
v -0.719002 7.439589 4.939008
v -0.692326 7.404140 4.919628
v -0.275515 7.442655 5.264572
v -0.264445 7.404140 5.230501
v 0.275515 7.442655 5.264572
v 0.264445 7.404140 5.230501
v 0.719002 7.439589 4.939008
v 0.692326 7.404140 4.919628
v 0.887680 7.438455 4.416623
v 0.855762 7.404140 4.416623
v 1.134785 2.137868 11.774607
v 2.970907 3.471889 11.774607
v 2.970907 3.471889 12.712961
v 1.134785 2.137868 12.712961
v -1.134786 2.137869 11.774607
v -1.134786 2.137869 12.712961
v -2.970907 3.471889 11.774607
v -2.970907 3.471889 12.712961
v -3.672243 5.630379 11.774607
v -3.672243 5.630379 12.712961
v -2.970907 7.788870 11.774607
v -2.970907 7.788870 12.712961
v -1.134785 9.122890 11.774607
v -1.134785 9.122890 12.712961
v 1.134785 9.122890 11.774607
v 1.134785 9.122890 12.712961
v 2.970906 7.788869 11.774607
v 2.970906 7.788869 12.712961
v 3.672242 5.630379 11.774607
v 3.672242 5.630379 12.712961
v 1.130500 2.151056 12.726149
v 2.959689 3.480039 12.726149
v 2.650161 3.704924 12.726149
v 1.012271 2.514927 12.726149
v -1.130501 2.151057 12.726149
v -1.012272 2.514928 12.726149
v -2.959689 3.480040 12.726149
v -2.650162 3.704924 12.726149
v -3.658376 5.630379 12.726149
v -3.275780 5.630379 12.726149
v -2.959689 7.780719 12.726149
v -2.650161 7.555835 12.726149
v -1.130500 9.109702 12.726149
v -1.012271 8.745831 12.726149
v 1.130500 9.109702 12.726149
v 1.012272 8.745831 12.726149
v 2.959688 7.780718 12.726149
v 2.650161 7.555834 12.726149
v 3.658376 5.630379 12.726149
v 3.275779 5.630379 12.726149
v 1.007986 2.528115 12.712961
v 2.638943 3.713074 12.712961
v -1.007987 2.528116 12.712961
v -2.638944 3.713075 12.712961
v -3.261913 5.630379 12.712961
v -2.638943 7.547684 12.712961
v -1.007986 8.732643 12.712961
v 1.007987 8.732643 12.712961
v 2.638943 7.547683 12.712961
v 3.261913 5.630379 12.712961
v 2.970022 3.472532 11.765282
v 1.134447 2.138909 11.765282
v -1.134448 2.138909 11.765282
v -2.970022 3.472532 11.765282
v -3.671149 5.630379 11.765282
v -2.970022 7.788227 11.765282
v -1.134447 9.121849 11.765282
v 1.134447 9.121849 11.765282
v 2.970022 7.788226 11.765282
v 3.671149 5.630379 11.765282
v 0.734599 7.436181 3.882905
v 0.727630 7.443185 3.887969
v 0.898581 7.441883 4.416623
v 0.906782 7.434237 4.416623
v 0.278536 7.446916 3.559376
v 0.281575 7.442686 3.550023
v -0.278536 7.446916 3.559376
v -0.281575 7.442686 3.550023
v -0.727630 7.443185 3.887969
v -0.734600 7.436181 3.882905
v -0.898581 7.441883 4.416623
v -0.906782 7.434237 4.416623
v -0.727630 7.443185 4.945277
v -0.734599 7.436181 4.950340
v -0.278536 7.446916 5.273869
v -0.281575 7.442686 5.283221
v 0.278536 7.446916 5.273869
v 0.281575 7.442686 5.283221
v 0.727630 7.443185 4.945277
v 0.734599 7.436181 4.950340
v -0.261525 7.399592 3.611730
v -0.684682 7.399592 3.919172
v -0.846314 7.399592 4.416623
v -0.684682 7.399592 4.914073
v -0.261525 7.399592 5.221514
v 0.261525 7.399592 5.221514
v 0.684682 7.399592 4.914073
v 0.846313 7.399592 4.416623
v 2.967621 3.474276 12.722286
v 1.133530 2.141731 12.722286
v -1.133531 2.141732 12.722286
v -2.967622 3.474277 12.722286
v -3.668181 5.630379 12.722286
v -2.967621 7.786483 12.722286
v -1.133530 9.119027 12.722286
v 1.133530 9.119027 12.722286
v 2.967621 7.786482 12.722286
v 3.668181 5.630379 12.722286
v 2.642229 3.710687 12.722286
v 1.009241 2.524252 12.722286
v -1.009242 2.524253 12.722286
v -2.642229 3.710688 12.722286
v -3.265975 5.630379 12.722286
v -2.642229 7.550071 12.722286
v -1.009241 8.736506 12.722286
v 1.009242 8.736506 12.722286
v 2.642229 7.550070 12.722286
v 3.265974 5.630379 12.722286
v 1.416720 4.596835 1.142484
v 1.408106 4.603093 1.152611
v 0.545130 3.976102 1.152611
v 0.566874 3.979078 1.142237
v 1.408106 4.603093 1.166932
v 0.537849 3.970811 1.166250
v 0.551585 3.968636 1.142776
v 0.803064 3.928806 0.962737
v 0.817254 3.939116 0.962737
v 0.550826 3.968756 1.124796
v 0.803064 3.928806 0.945197
v 0.524353 3.970811 1.139115
v 0.531091 3.970811 1.152611
v -0.531156 3.970811 1.152611
v -0.524475 3.970811 1.139237
v -0.537849 3.970811 1.166523
v 0.537849 3.970811 1.136575
v 0.537849 3.970811 -8.366741
v 0.550826 3.968756 -8.354899
v 0.524475 3.970811 -8.369340
v -0.550826 3.968756 1.124796
v -0.551585 3.968636 1.142777
v -0.803065 3.928806 0.962737
v -0.803065 3.928806 0.945197
v -0.566874 3.979078 1.142237
v -0.817254 3.939116 0.962737
v -0.537849 3.970811 1.136637
v -0.537849 3.970811 -8.366506
v -0.524354 3.970811 -8.369219
v -0.551056 3.968720 -8.354406
v -1.416721 6.655449 1.142484
v -1.408107 6.649190 1.152611
v -0.545130 7.276179 1.152611
v -0.566875 7.273203 1.142237
v -1.408107 6.649190 1.166932
v -0.537849 7.281469 1.166250
v -0.551585 7.283645 1.142776
v -0.803065 7.323475 0.962737
v -0.817255 7.313166 0.962737
v -0.550826 7.283525 1.124796
v -0.803065 7.323475 0.945197
v -0.524354 7.281469 1.139115
v -0.531091 7.281469 1.152611
v 0.531156 7.281469 1.152611
v 0.524475 7.281469 1.139237
v 0.537848 7.281469 1.166523
v -0.537849 7.281469 1.136575
v -0.537849 7.281470 -8.366741
v -0.550826 7.283525 -8.354899
v -0.524476 7.281470 -8.369340
v 0.550826 7.283525 1.124796
v 0.551585 7.283645 1.142776
v 0.803064 7.323475 0.962737
v 0.803064 7.323475 0.945197
v 0.566874 7.273203 1.142237
v 0.817254 7.313166 0.962737
v 0.537848 7.281469 1.136637
v 0.537848 7.281470 -8.366506
v 0.524353 7.281470 -8.369219
v 0.551055 7.283562 -8.354406
v 0.566619 3.979005 -8.372431
v 0.545035 3.976032 -8.382713
v 1.408106 4.603093 -8.382713
v 1.416720 4.596835 -8.372587
v 0.537849 3.970811 -8.396353
v 1.408106 4.603093 -8.397036
v 0.551520 3.968646 -8.372926
v 0.802582 3.928882 -8.193186
v 0.803064 3.928806 -8.175301
v 0.817257 3.939954 -8.193517
v 0.531152 3.970811 -8.382713
v -0.531095 3.970811 -8.382713
v -0.537849 3.970811 -8.396626
v -0.566874 3.979078 -8.372340
v -0.551700 3.968617 -8.372797
v -0.803065 3.928806 -8.192840
v -0.817254 3.939116 -8.192840
v -0.803065 3.928806 -8.175301
v -0.566619 7.273276 -8.372431
v -0.545035 7.276248 -8.382713
v -1.408107 6.649190 -8.382713
v -1.416721 6.655449 -8.372587
v -0.537849 7.281470 -8.396353
v -1.408107 6.649190 -8.397036
v -0.551521 7.283635 -8.372926
v -0.802583 7.323400 -8.193186
v -0.803065 7.323476 -8.175301
v -0.817258 7.312328 -8.193517
v -0.531152 7.281470 -8.382713
v 0.531095 7.281470 -8.382713
v 0.537848 7.281470 -8.396626
v 0.566874 7.273204 -8.372340
v 0.551700 7.283664 -8.372797
v 0.803064 7.323476 -8.192840
v 0.817254 7.313166 -8.192840
v 0.803064 7.323476 -8.175301
v 1.569622 6.766539 -8.192840
v 1.578236 6.772798 -8.182715
v 1.950807 5.626142 -8.182715
v 1.940160 5.626142 -8.192840
v 1.578236 6.772798 -8.168393
v 1.950807 5.626142 -8.168393
v 1.578236 6.772797 0.938290
v 1.578236 6.772797 0.952611
v 1.950807 5.626142 0.952611
v 1.950807 5.626142 0.938290
v 1.569622 6.766539 0.962737
v 1.940160 5.626142 0.962737
v 0.817209 3.926566 -8.166812
v 0.817209 3.926566 0.936708
v 0.828795 3.934983 -8.168393
v 0.828795 3.934983 0.938290
v 0.828795 7.317298 -8.168393
v 0.817209 7.325716 -8.166820
v 0.817209 7.325716 0.936708
v 0.828795 7.317298 0.938290
v -0.828795 3.934983 -8.168393
v -0.817209 3.926566 -8.166820
v -0.817209 3.926566 0.936708
v -0.828795 3.934983 0.938290
v -0.830087 3.935922 -8.182715
v -1.578236 4.479486 -8.182715
v -1.569622 4.485744 -8.192840
v -1.578236 4.479486 -8.168393
v -0.830087 3.935922 0.952611
v -1.578236 4.479486 0.952611
v -1.578236 4.479486 0.938290
v -1.569622 4.485744 0.962737
v -0.817209 7.325716 -8.166812
v -0.817209 7.325716 0.936708
v -0.828795 7.317298 -8.168393
v -0.828795 7.317298 0.938290
v -0.329323 7.284351 3.394451
v 0.329322 7.284351 3.394457
v -0.868441 7.041746 3.792762
v -1.076750 6.904210 4.418743
v -0.868029 7.042149 5.042037
v -0.324949 7.284759 5.439280
v 0.331430 7.284337 5.438373
v 1.069218 6.895209 4.413666
v 0.864417 7.041100 5.043642
v 0.870739 7.044226 3.791057
v 1.740515 5.626142 1.166932
v 1.408106 6.649190 1.166932
v -1.408106 4.603093 1.166932
v -1.740515 5.626142 1.166932
v 1.578236 4.479486 -8.168393
v 1.578236 4.479486 0.938290
v -1.950808 5.626142 -8.168393
v -1.950808 5.626142 0.938290
v -1.578237 6.772797 -8.168393
v -1.578237 6.772797 0.938290
v 1.751162 5.626142 -8.372587
v 1.416720 6.655449 -8.372587
v 1.416720 6.655449 1.142484
v 1.751162 5.626142 1.142484
v 1.569622 4.485745 -8.192840
v 1.569622 4.485745 0.962737
v -1.416721 4.596834 -8.372587
v -1.416721 4.596834 1.142484
v -1.751163 5.626142 -8.372587
v -1.940160 5.626142 -8.192840
v -1.751163 5.626142 1.142484
v -1.940160 5.626142 0.962737
v -1.569623 6.766539 -8.192840
v -1.569623 6.766539 0.962737
v 0.852537 7.067315 3.797218
v 0.324419 7.296219 3.418163
v -0.324420 7.296216 3.418160
v -0.852649 7.066967 3.797137
v -1.054811 6.922446 4.416623
v -0.852764 7.066607 5.036192
v -0.324303 7.296616 5.414725
v 0.324425 7.296201 5.415099
v 0.853018 7.065813 5.036376
v 1.055570 6.919823 4.416623
v 0.857207 7.052711 3.793825
v 1.059566 6.906007 4.416623
v 0.327424 7.285947 3.408916
v -0.327424 7.285947 3.408916
v -0.857207 7.052711 3.793825
v -1.059566 6.906006 4.416623
v -0.857207 7.052711 5.039420
v -0.327424 7.285947 5.424330
v 0.327424 7.285947 5.424330
v 0.857207 7.052711 5.039420
v 1.408106 6.649190 1.152611
v 0.545123 7.276184 1.152611
v 1.740515 5.626142 1.152611
v -0.545123 3.976097 1.152611
v -1.408106 4.603093 1.152611
v -1.740515 5.626142 1.152611
v 0.545123 7.276185 -8.382713
v 1.408106 6.649191 -8.382713
v 1.408106 6.649191 -8.397036
v 1.740515 5.626142 -8.382713
v 1.740515 5.626142 -8.397036
v -0.545123 3.976097 -8.382713
v -1.408106 4.603093 -8.382713
v -1.408106 4.603093 -8.397036
v -1.740515 5.626142 -8.382713
v -1.740515 5.626142 -8.397036
v 0.830087 7.316360 -8.182715
v 1.578236 4.479486 -8.182715
v 0.830087 7.316359 0.952611
v 1.578236 4.479486 0.952611
v 0.830593 3.936290 -8.182715
v 0.830087 3.935922 0.952611
v -1.950808 5.626142 -8.182715
v -1.950808 5.626142 0.952611
v -1.578237 6.772797 -8.182715
v -1.578237 6.772797 0.952611
v -0.830593 7.315992 -8.182715
v -0.830088 7.316359 0.952611
v 0.537849 3.970811 1.152611
v -0.537849 3.970811 1.152611
v -0.537849 7.281469 1.152611
v 0.537848 7.281469 1.152611
v 0.537849 3.970811 -8.382713
v -0.537849 3.970811 -8.382713
v -0.537849 7.281470 -8.382713
v 0.537848 7.281470 -8.382713
v 0.817209 3.926566 -8.182715
v 0.817209 3.926566 0.952611
v 0.817209 7.325716 -8.182715
v 0.817209 7.325716 0.952611
v -0.817209 3.926566 -8.182715
v -0.817209 3.926566 0.952611
v -0.817209 7.325716 -8.182715
v -0.817209 7.325716 0.952611
v 1.561225 6.760437 -9.932204
v 1.573254 6.769177 -9.926347
v 1.944649 5.626142 -9.926347
v 1.929780 5.626142 -9.932204
v 1.578236 6.772797 -9.912207
v 1.950807 5.626142 -9.912207
v 1.578236 6.772797 -9.594626
v 1.573254 6.769177 -9.580486
v 1.944649 5.626142 -9.580486
v 1.950807 5.626142 -9.594626
v 1.561225 6.760437 -9.574630
v 1.929780 5.626142 -9.574630
v 1.561225 6.760437 -9.246350
v 1.573254 6.769177 -9.240493
v 1.944649 5.626142 -9.240493
v 1.929780 5.626142 -9.246350
v 1.578236 6.772797 -9.226352
v 1.950807 5.626142 -9.226352
v 1.578236 6.772797 -8.968369
v 1.573254 6.769177 -8.954229
v 1.944649 5.626142 -8.954229
v 1.950807 5.626142 -8.968369
v 1.561225 6.760437 -8.948371
v 1.929780 5.626142 -8.948371
v 1.561225 6.760437 -10.516242
v 1.573254 6.769177 -10.510385
v 1.944648 5.626142 -10.510385
v 1.929780 5.626142 -10.516242
v 1.578236 6.772797 -10.496245
v 1.950807 5.626142 -10.496245
v 1.578236 6.772797 -10.244220
v 1.573254 6.769177 -10.230081
v 1.944648 5.626142 -10.230081
v 1.950807 5.626142 -10.244220
v 1.561225 6.760437 -10.224223
v 1.929780 5.626142 -10.224223
v 1.740515 5.626142 -9.554632
v 1.408106 6.649190 -9.554632
v 1.408106 6.649190 -9.266347
v 1.740515 5.626142 -9.266347
v 1.408106 4.603093 -9.554632
v 1.408106 4.603093 -9.266347
v 0.537849 3.970811 -9.554632
v 0.537849 3.970811 -9.266347
v -0.537849 3.970811 -9.554632
v -0.537849 3.970811 -9.266347
v -1.408106 4.603093 -9.554632
v -1.408106 4.603093 -9.266347
v -1.740515 5.626142 -9.554632
v -1.740515 5.626142 -9.266347
v -1.408107 6.649190 -9.554632
v -1.408107 6.649190 -9.266347
v -0.537849 7.281470 -9.554632
v -0.537849 7.281470 -9.266347
v 0.537848 7.281470 -9.554632
v 0.537848 7.281470 -9.266347
v 1.578236 4.479486 -9.912207
v 1.578236 4.479486 -9.594626
v 0.602833 3.770812 -9.912207
v 0.602833 3.770812 -9.594626
v -0.602833 3.770812 -9.912207
v -0.602833 3.770812 -9.594626
v -1.578236 4.479486 -9.912207
v -1.578236 4.479486 -9.594626
v -1.950808 5.626142 -9.912207
v -1.950808 5.626142 -9.594626
v -1.578237 6.772797 -9.912207
v -1.578237 6.772797 -9.594626
v -0.602833 7.481470 -9.912207
v -0.602833 7.481470 -9.594626
v 0.602833 7.481470 -9.912207
v 0.602833 7.481470 -9.594626
v 1.578236 4.479486 -9.226352
v 1.578236 4.479486 -8.968369
v 0.602833 3.770812 -9.226352
v 0.602833 3.770812 -8.968369
v -0.602833 3.770812 -9.226352
v -0.602833 3.770812 -8.968369
v -1.578236 4.479486 -9.226352
v -1.578236 4.479486 -8.968369
v -1.950808 5.626142 -9.226352
v -1.950808 5.626142 -8.968369
v -1.578237 6.772797 -9.226352
v -1.578237 6.772797 -8.968369
v -0.602833 7.481470 -9.226352
v -0.602833 7.481470 -8.968369
v 0.602832 7.481470 -9.226352
v 0.602832 7.481470 -8.968369
v 1.578236 4.479486 -10.496245
v 1.578236 4.479486 -10.244220
v 0.602833 3.770812 -10.496245
v 0.602833 3.770812 -10.244220
v -0.602833 3.770812 -10.496245
v -0.602833 3.770812 -10.244220
v -1.578236 4.479486 -10.496245
v -1.578236 4.479486 -10.244220
v -1.950808 5.626142 -10.496245
v -1.950808 5.626142 -10.244220
v -1.578237 6.772797 -10.496245
v -1.578237 6.772797 -10.244220
v -0.602833 7.481470 -10.496245
v -0.602833 7.481470 -10.244220
v 0.602833 7.481470 -10.496245
v 0.602833 7.481470 -10.244220
v 1.740515 5.626142 -10.204225
v 1.408106 6.649190 -10.204225
v 1.408106 6.649190 -9.952201
v 1.740515 5.626142 -9.952201
v 1.408106 4.603093 -10.204225
v 1.408106 4.603093 -9.952201
v 0.537849 3.970811 -10.204225
v 0.537849 3.970811 -9.952201
v -0.537849 3.970811 -10.204225
v -0.537849 3.970811 -9.952201
v -1.408106 4.603093 -10.204225
v -1.408106 4.603093 -9.952201
v -1.740515 5.626142 -10.204225
v -1.740515 5.626142 -9.952201
v -1.408107 6.649190 -10.204225
v -1.408107 6.649190 -9.952201
v -0.537849 7.281470 -10.204225
v -0.537849 7.281470 -9.952201
v 0.537848 7.281470 -10.204225
v 0.537848 7.281470 -9.952201
v 1.761542 5.626142 -9.932204
v 1.425117 6.661550 -9.932204
v 1.425117 6.661550 -9.574630
v 1.761542 5.626142 -9.574630
v 1.425117 4.590734 -9.932204
v 1.561225 4.491846 -9.932204
v 1.425117 4.590734 -9.574630
v 1.561225 4.491846 -9.574630
v 0.544346 3.950813 -9.932204
v 0.596335 3.790810 -9.932204
v 0.544346 3.950813 -9.574630
v 0.596335 3.790810 -9.574630
v -0.544346 3.950813 -9.932204
v -0.596335 3.790810 -9.932204
v -0.544346 3.950813 -9.574630
v -0.596335 3.790810 -9.574630
v -1.425118 4.590733 -9.932204
v -1.561225 4.491846 -9.932204
v -1.425118 4.590733 -9.574630
v -1.561225 4.491846 -9.574630
v -1.761542 5.626142 -9.932204
v -1.929781 5.626142 -9.932204
v -1.761542 5.626142 -9.574630
v -1.929781 5.626142 -9.574630
v -1.425118 6.661550 -9.932204
v -1.561225 6.760437 -9.932204
v -1.425118 6.661550 -9.574630
v -1.561225 6.760437 -9.574630
v -0.544347 7.301468 -9.932204
v -0.596335 7.461472 -9.932204
v -0.544347 7.301468 -9.574630
v -0.596335 7.461472 -9.574630
v 0.544346 7.301468 -9.932204
v 0.596335 7.461472 -9.932204
v 0.544346 7.301468 -9.574630
v 0.596335 7.461472 -9.574630
v 1.761542 5.626142 -9.246350
v 1.425117 6.661550 -9.246350
v 1.425117 6.661550 -8.948371
v 1.761542 5.626142 -8.948371
v 1.425117 4.590734 -9.246350
v 1.561225 4.491846 -9.246350
v 1.425117 4.590734 -8.948371
v 1.561225 4.491846 -8.948371
v 0.544346 3.950813 -9.246350
v 0.596336 3.790810 -9.246350
v 0.544346 3.950813 -8.948371
v 0.596336 3.790810 -8.948371
v -0.544346 3.950813 -9.246350
v -0.596336 3.790810 -9.246350
v -0.544346 3.950813 -8.948371
v -0.596336 3.790810 -8.948371
v -1.425118 4.590733 -9.246350
v -1.561225 4.491846 -9.246350
v -1.425118 4.590733 -8.948371
v -1.561225 4.491846 -8.948371
v -1.761542 5.626142 -9.246350
v -1.929781 5.626142 -9.246350
v -1.761542 5.626142 -8.948371
v -1.929781 5.626142 -8.948371
v -1.425118 6.661550 -9.246350
v -1.561225 6.760437 -9.246350
v -1.425118 6.661550 -8.948371
v -1.561225 6.760437 -8.948371
v -0.544347 7.301468 -9.246350
v -0.596335 7.461472 -9.246350
v -0.544347 7.301468 -8.948371
v -0.596335 7.461472 -8.948371
v 0.544346 7.301468 -9.246350
v 0.596335 7.461472 -9.246350
v 0.544346 7.301468 -8.948371
v 0.596335 7.461472 -8.948371
v 1.761542 5.626142 -10.516242
v 1.425117 6.661550 -10.516242
v 1.425117 6.661550 -10.224223
v 1.761542 5.626142 -10.224223
v 1.425117 4.590734 -10.516242
v 1.561225 4.491846 -10.516242
v 1.425117 4.590734 -10.224223
v 1.561225 4.491846 -10.224223
v 0.544346 3.950813 -10.516242
v 0.596335 3.790810 -10.516242
v 0.544346 3.950813 -10.224223
v 0.596335 3.790810 -10.224223
v -0.544346 3.950813 -10.516242
v -0.596336 3.790810 -10.516242
v -0.544346 3.950813 -10.224223
v -0.596336 3.790810 -10.224223
v -1.425118 4.590733 -10.516242
v -1.561225 4.491846 -10.516242
v -1.425118 4.590733 -10.224223
v -1.561225 4.491846 -10.224223
v -1.761542 5.626142 -10.516242
v -1.929780 5.626142 -10.516242
v -1.761542 5.626142 -10.224223
v -1.929780 5.626142 -10.224223
v -1.425118 6.661550 -10.516242
v -1.561226 6.760437 -10.516242
v -1.425118 6.661550 -10.224223
v -1.561226 6.760437 -10.224223
v -0.544347 7.301468 -10.516242
v -0.596336 7.461472 -10.516242
v -0.544347 7.301468 -10.224223
v -0.596336 7.461472 -10.224223
v 0.544346 7.301468 -10.516242
v 0.596335 7.461472 -10.516242
v 0.544346 7.301468 -10.224223
v 0.596335 7.461472 -10.224223
v 1.740515 5.626142 -8.928373
v 1.408106 6.649190 -8.928373
v 1.408106 4.603093 -8.928373
v 0.537849 3.970811 -8.928373
v -0.537849 3.970811 -8.928373
v -1.408106 4.603093 -8.928373
v -1.740515 5.626142 -8.928373
v -1.408107 6.649190 -8.928373
v -0.537849 7.281470 -8.928373
v 0.537848 7.281470 -8.928373
v 1.413089 6.652811 -9.568772
v 0.539752 7.287327 -9.568772
v 1.746673 5.626142 -9.568772
v 1.413088 4.599473 -9.568772
v 0.539752 3.964954 -9.568772
v -0.539752 3.964954 -9.568772
v -1.413089 4.599473 -9.568772
v -1.746674 5.626142 -9.568772
v -1.413089 6.652811 -9.568772
v -0.539752 7.287327 -9.568772
v 1.413089 6.652811 -9.938061
v 1.746673 5.626142 -9.938061
v 1.413088 4.599473 -9.938061
v 0.539752 3.964954 -9.938061
v -0.539752 3.964954 -9.938061
v -1.413089 4.599473 -9.938061
v -1.746674 5.626142 -9.938061
v -1.413089 6.652811 -9.938061
v -0.539752 7.287327 -9.938061
v 0.539752 7.287327 -9.938061
v 1.413089 6.652811 -9.252208
v 1.746673 5.626142 -9.252208
v 1.413088 4.599473 -9.252208
v 0.539752 3.964954 -9.252208
v -0.539752 3.964954 -9.252208
v -1.413089 4.599473 -9.252208
v -1.746674 5.626142 -9.252208
v -1.413089 6.652811 -9.252208
v -0.539752 7.287327 -9.252208
v 0.539752 7.287327 -9.252208
v 1.413089 6.652811 -8.942513
v 1.746673 5.626142 -8.942513
v 1.413088 4.599473 -8.942513
v 0.539752 3.964954 -8.942513
v -0.539752 3.964954 -8.942513
v -1.413089 4.599473 -8.942513
v -1.746674 5.626142 -8.942513
v -1.413089 6.652811 -8.942513
v -0.539752 7.287327 -8.942513
v 0.539752 7.287327 -8.942513
v 1.408106 6.649190 -10.536241
v 1.413089 6.652811 -10.522099
v 1.746673 5.626142 -10.522099
v 1.740515 5.626142 -10.536241
v 1.413088 4.599473 -10.522099
v 1.408106 4.603093 -10.536241
v 0.539752 3.964954 -10.522099
v 0.537849 3.970811 -10.536241
v -0.539752 3.964954 -10.522099
v -0.537849 3.970811 -10.536241
v -1.413089 4.599473 -10.522099
v -1.408106 4.603093 -10.536241
v -1.746674 5.626142 -10.522099
v -1.740515 5.626142 -10.536241
v -1.413089 6.652811 -10.522099
v -1.408107 6.649190 -10.536241
v -0.539752 7.287327 -10.522099
v -0.537849 7.281470 -10.536241
v 0.539752 7.287327 -10.522099
v 0.537848 7.281470 -10.536241
v 1.413089 6.652811 -10.218366
v 0.539752 7.287327 -10.218366
v 1.746673 5.626142 -10.218366
v 1.413088 4.599473 -10.218366
v 0.539752 3.964954 -10.218366
v -0.539752 3.964954 -10.218366
v -1.413089 4.599473 -10.218366
v -1.746674 5.626142 -10.218366
v -1.413089 6.652811 -10.218366
v -0.539752 7.287327 -10.218366
v 1.573254 4.483107 -9.926347
v 1.573254 4.483107 -9.580486
v 0.600930 3.776669 -9.926347
v 0.600930 3.776669 -9.580486
v -0.600930 3.776669 -9.926347
v -0.600930 3.776669 -9.580486
v -1.573254 4.483106 -9.926347
v -1.573254 4.483106 -9.580486
v -1.944649 5.626142 -9.926347
v -1.944649 5.626142 -9.580486
v -1.573254 6.769177 -9.926347
v -1.573254 6.769177 -9.580486
v -0.600930 7.475612 -9.926347
v -0.600930 7.475612 -9.580486
v 0.600929 7.475612 -9.926347
v 0.600929 7.475612 -9.580486
v 1.573254 4.483107 -9.240493
v 1.573254 4.483107 -8.954229
v 0.600930 3.776669 -9.240493
v 0.600930 3.776669 -8.954229
v -0.600930 3.776669 -9.240493
v -0.600930 3.776669 -8.954229
v -1.573254 4.483106 -9.240493
v -1.573254 4.483106 -8.954229
v -1.944649 5.626142 -9.240493
v -1.944649 5.626142 -8.954229
v -1.573254 6.769177 -9.240493
v -1.573254 6.769177 -8.954229
v -0.600930 7.475612 -9.240493
v -0.600930 7.475612 -8.954229
v 0.600929 7.475612 -9.240493
v 0.600929 7.475612 -8.954229
v 1.573254 4.483107 -10.510385
v 1.573254 4.483107 -10.230081
v 0.600930 3.776669 -10.510385
v 0.600930 3.776669 -10.230081
v -0.600930 3.776669 -10.510385
v -0.600930 3.776669 -10.230081
v -1.573254 4.483106 -10.510385
v -1.573254 4.483106 -10.230081
v -1.944649 5.626142 -10.510385
v -1.944649 5.626142 -10.230081
v -1.573254 6.769177 -10.510385
v -1.573254 6.769177 -10.230081
v -0.600930 7.475612 -10.510385
v -0.600930 7.475612 -10.230081
v 0.600930 7.475612 -10.510385
v 0.600930 7.475612 -10.230081
v -0.312205 6.587007 -11.895407
v -0.310426 6.581533 -11.908622
v -0.812706 6.216606 -11.908622
v -0.817362 6.219988 -11.895407
v -0.306133 6.568319 -11.914095
v -0.801465 6.208439 -11.914095
v 0.541337 7.292207 -10.776232
v 1.417240 6.655827 -10.776232
v 1.611792 6.797177 -10.982575
v 0.615650 7.520916 -10.982575
v -1.417240 6.655826 -10.776232
v -0.541338 7.292207 -10.776232
v -0.615650 7.520916 -10.982575
v -1.611792 6.797176 -10.982575
v -1.751805 5.626142 -10.776232
v -1.992285 5.626142 -10.982575
v -1.417240 4.596457 -10.776232
v -1.611792 4.455107 -10.982575
v -0.541337 3.960074 -10.776232
v -0.615650 3.731364 -10.982575
v 0.541337 3.960074 -10.776232
v 0.615650 3.731364 -10.982575
v 1.417240 4.596457 -10.776232
v 1.611792 4.455107 -10.982575
v 1.751804 5.626142 -10.776232
v 1.992284 5.626142 -10.982575
v 0.619138 7.531653 -11.006724
v 1.620925 6.803813 -11.006724
v 1.620925 6.803813 -11.968520
v 0.619138 7.531653 -11.968520
v -1.620926 6.803813 -11.006724
v -0.619139 7.531653 -11.006724
v -0.619139 7.531653 -11.968520
v -1.620926 6.803813 -11.968520
v -2.003574 5.626142 -11.006724
v -2.003574 5.626142 -11.968520
v -1.620926 4.448471 -11.006724
v -1.620926 4.448471 -11.968520
v -0.619138 3.720627 -11.006724
v -0.619138 3.720627 -11.968520
v 0.619138 3.720627 -11.006724
v 0.619138 3.720627 -11.968520
v 1.620925 4.448471 -11.006724
v 1.620925 4.448471 -11.968520
v 2.003574 5.626142 -11.006724
v 2.003574 5.626142 -11.968520
v 0.613066 7.512966 -11.987206
v 1.605029 6.792264 -11.987206
v 1.318861 6.584350 -11.987206
v 0.503760 7.176555 -11.987206
v -1.605029 6.792263 -11.987206
v -0.613067 7.512966 -11.987206
v -0.503761 7.176555 -11.987206
v -1.318862 6.584350 -11.987206
v -1.983925 5.626142 -11.987206
v -1.630203 5.626141 -11.987206
v -1.605029 4.460020 -11.987206
v -1.318861 4.667933 -11.987206
v -0.613066 3.739315 -11.987206
v -0.503760 4.075725 -11.987206
v 0.613066 3.739315 -11.987206
v 0.503760 4.075725 -11.987206
v 1.605029 4.460021 -11.987206
v 1.318861 4.667933 -11.987206
v 1.983925 5.626142 -11.987206
v 1.630202 5.626142 -11.987206
v 0.497688 7.157868 -11.968520
v 1.302965 6.572801 -11.968520
v 1.302965 6.572801 -11.502117
v 0.497688 7.157868 -11.502117
v -1.302965 6.572800 -11.968520
v -0.497689 7.157868 -11.968520
v -0.497689 7.157868 -11.502117
v -1.302965 6.572800 -11.502117
v -1.610554 5.626141 -11.968520
v -1.610554 5.626141 -11.502117
v -1.302965 4.679482 -11.968520
v -1.302965 4.679482 -11.502117
v -0.497688 4.094412 -11.968520
v -0.497688 4.094412 -11.502117
v 0.497688 4.094412 -11.968520
v 0.497688 4.094412 -11.502117
v 1.302965 4.679482 -11.968520
v 1.302965 4.679482 -11.502117
v 1.610553 5.626142 -11.968520
v 1.610553 5.626142 -11.502117
v 0.491616 7.139181 -11.483431
v 1.287068 6.561251 -11.483431
v 0.833258 6.231538 -11.483431
v 0.318276 6.605694 -11.483431
v -1.287069 6.561251 -11.483431
v -0.491617 7.139181 -11.483431
v -0.318276 6.605694 -11.483431
v -0.833258 6.231538 -11.483431
v -1.590904 5.626141 -11.483431
v -1.029964 5.626141 -11.483431
v -1.287068 4.691031 -11.483431
v -0.833258 5.020744 -11.483431
v -0.491616 4.113100 -11.483431
v -0.318276 4.646586 -11.483431
v 0.491616 4.113100 -11.483431
v 0.318276 4.646586 -11.483431
v 1.287068 4.691032 -11.483431
v 0.833257 5.020744 -11.483431
v 1.590904 5.626142 -11.483431
v 1.029963 5.626141 -11.483431
v 0.312204 6.587007 -11.502117
v 0.817361 6.219988 -11.502117
v 0.817361 6.219988 -11.895407
v 0.312204 6.587007 -11.895407
v -0.817362 6.219988 -11.502117
v -0.312205 6.587007 -11.502117
v -1.010315 5.626141 -11.502117
v -1.010315 5.626141 -11.895407
v -0.817361 5.032293 -11.502117
v -0.817361 5.032293 -11.895407
v -0.312204 4.665274 -11.502117
v -0.312204 4.665274 -11.895407
v 0.312204 4.665274 -11.502117
v 0.312204 4.665274 -11.895407
v 0.817361 5.032293 -11.502117
v 0.817361 5.032293 -11.895407
v 1.010314 5.626141 -11.502117
v 1.010314 5.626141 -11.895407
v 0.306132 6.568319 -11.914095
v 0.801465 6.208439 -11.914095
v 0.990665 5.626141 -11.914095
v -0.990666 5.626141 -11.914095
v 0.801465 5.043843 -11.914095
v -0.801465 5.043843 -11.914095
v 0.306132 4.683961 -11.914095
v -0.306132 4.683961 -11.914095
v 1.408106 6.649190 -10.752084
v 0.537848 7.281469 -10.752084
v -0.537849 7.281469 -10.752084
v -1.408107 6.649190 -10.752084
v -1.740515 5.626142 -10.752084
v -1.408106 4.603093 -10.752084
v -0.537849 3.970811 -10.752084
v 0.537849 3.970811 -10.752084
v 1.408106 4.603093 -10.752084
v 1.740515 5.626142 -10.752084
v 1.410499 6.650929 -10.765294
v 1.743472 5.626142 -10.765294
v 0.538762 7.284282 -10.765294
v -0.538763 7.284282 -10.765294
v -1.410499 6.650928 -10.765294
v -1.743473 5.626142 -10.765294
v -1.410499 4.601354 -10.765294
v -0.538763 3.967999 -10.765294
v 0.538763 3.967999 -10.765294
v 1.410499 4.601355 -10.765294
v 1.618533 6.802074 -10.993512
v 0.618224 7.528841 -10.993512
v -0.618225 7.528841 -10.993512
v -1.618533 6.802074 -10.993512
v -2.000617 5.626142 -10.993512
v -1.618533 4.450209 -10.993512
v -0.618225 3.723440 -10.993512
v 0.618224 3.723440 -10.993512
v 1.618533 4.450210 -10.993512
v 2.000616 5.626142 -10.993512
v 1.616269 6.800430 -11.981734
v 0.617360 7.526180 -11.981734
v -0.617360 7.526180 -11.981734
v -1.616270 6.800430 -11.981734
v -1.997819 5.626142 -11.981734
v -1.616270 4.451853 -11.981734
v -0.617360 3.726100 -11.981734
v 0.617360 3.726100 -11.981734
v 1.616269 4.451854 -11.981734
v 1.997819 5.626142 -11.981734
v 1.307621 6.576183 -11.981734
v 0.499466 7.163341 -11.981734
v -0.499467 7.163341 -11.981734
v -1.307621 6.576183 -11.981734
v -1.616309 5.626141 -11.981734
v -1.307621 4.676099 -11.981734
v -0.499467 4.088939 -11.981734
v 0.499467 4.088939 -11.981734
v 1.307621 4.676100 -11.981734
v 1.616308 5.626142 -11.981734
v 1.298309 6.569418 -11.488904
v 0.495910 7.152395 -11.488904
v -0.495910 7.152395 -11.488904
v -1.298309 6.569417 -11.488904
v -1.604798 5.626141 -11.488904
v -1.298309 4.682865 -11.488904
v -0.495910 4.099885 -11.488904
v 0.495910 4.099885 -11.488904
v 1.298309 4.682865 -11.488904
v 1.604798 5.626142 -11.488904
v 0.822017 6.223371 -11.488904
v 0.313982 6.592480 -11.488904
v -0.313983 6.592480 -11.488904
v -0.822018 6.223371 -11.488904
v -1.016070 5.626141 -11.488904
v -0.822017 5.028911 -11.488904
v -0.313983 4.659801 -11.488904
v 0.313983 4.659801 -11.488904
v 0.822017 5.028911 -11.488904
v 1.016069 5.626141 -11.488904
v 0.812705 6.216606 -11.908622
v 0.310426 6.581533 -11.908622
v -1.004560 5.626141 -11.908622
v -0.812706 5.035676 -11.908622
v -0.310426 4.670747 -11.908622
v 0.310426 4.670747 -11.908622
v 0.812705 5.035676 -11.908622
v 1.004559 5.626141 -11.908622

# UV coordinates
vt 0.924085 0.617831
vt 0.910414 0.657530
vt 0.904519 0.652579
vt 0.917538 0.617534
vt 0.912170 0.578169
vt 0.906856 0.581784
vt 0.879141 0.553401
vt 0.877117 0.559451
vt 0.837953 0.553049
vt 0.840019 0.559085
vt 0.804692 0.577099
vt 0.809991 0.580707
vt 0.792281 0.616154
vt 0.798711 0.615960
vt 0.805275 0.655214
vt 0.810850 0.651068
vt 0.828401 0.664333
vt 0.845498 0.676308
vt 0.869583 0.677030
vt 0.887319 0.667085
vt 0.902781 0.616215
vt 0.894539 0.642360
vt 0.873402 0.632133
vt 0.881612 0.618685
vt 0.894654 0.589789
vt 0.879654 0.602892
vt 0.872482 0.573081
vt 0.868842 0.591822
vt 0.844681 0.572693
vt 0.852926 0.589748
vt 0.821937 0.588809
vt 0.838644 0.597512
vt 0.812862 0.615277
vt 0.831318 0.612541
vt 0.820584 0.642299
vt 0.833686 0.629168
vt 0.847381 0.659325
vt 0.844821 0.641362
vt 0.864573 0.655747
vt 0.862210 0.642753
vt 0.911936 0.616995
vt 0.899903 0.648109
vt 0.896788 0.644872
vt 0.907242 0.616507
vt 0.902262 0.584805
vt 0.898339 0.587339
vt 0.875367 0.564623
vt 0.873869 0.568984
vt 0.841794 0.564257
vt 0.843283 0.568621
vt 0.814545 0.583793
vt 0.818379 0.586380
vt 0.804194 0.615776
vt 0.808708 0.615494
vt 0.815355 0.648140
vt 0.818540 0.645208
vt 0.823817 0.657472
vt 0.833999 0.655864
vt 0.890170 0.656585
vt 0.881054 0.654241
vt 0.767010 0.949577
vt 0.752001 0.960109
vt 0.747633 0.946139
vt 0.755264 0.940842
vt 0.733668 0.959807
vt 0.738346 0.945937
vt 0.719014 0.948786
vt 0.730952 0.940316
vt 0.713638 0.931257
vt 0.728274 0.931421
vt 0.719590 0.913916
vt 0.731336 0.922651
vt 0.734598 0.903384
vt 0.738967 0.917354
vt 0.752932 0.903686
vt 0.748254 0.917556
vt 0.767585 0.914707
vt 0.755648 0.923177
vt 0.772962 0.932236
vt 0.758325 0.932072
vt 0.934603 0.618089
vt 0.918693 0.663135
vt 0.920692 0.572194
vt 0.882317 0.543568
vt 0.834537 0.543317
vt 0.796110 0.571311
vt 0.782004 0.616370
vt 0.797521 0.660477
vt 0.834878 0.687167
vt 0.879880 0.687756
vt 0.121991 0.880297
vt 0.116492 0.854224
vt 0.121735 0.854783
vt 0.126696 0.877697
vt 0.141891 0.898105
vt 0.144184 0.893290
vt 0.168441 0.900947
vt 0.167459 0.895716
vt 0.191649 0.887593
vt 0.187645 0.883963
vt 0.202444 0.863072
vt 0.197162 0.862611
vt 0.196789 0.836939
vt 0.192270 0.839729
vt 0.176885 0.819118
vt 0.174872 0.824076
vt 0.150308 0.816462
vt 0.151566 0.821674
vt 0.127234 0.829822
vt 0.131307 0.833334
vt 0.186012 0.042037
vt 0.239306 0.080280
vt 0.197046 0.114604
vt 0.172089 0.094631
vt 0.120405 0.042482
vt 0.140130 0.093190
vt 0.067644 0.081406
vt 0.113440 0.110861
vt 0.047836 0.143872
vt 0.102225 0.140851
vt 0.068485 0.206086
vt 0.110706 0.171704
vt 0.121791 0.244290
vt 0.135656 0.191673
vt 0.187358 0.243814
vt 0.167603 0.193107
vt 0.240075 0.204912
vt 0.194284 0.175433
vt 0.259909 0.142495
vt 0.205506 0.145450
vt 0.777781 0.957413
vt 0.778188 0.957716
vt 0.756261 0.973264
vt 0.756109 0.972779
vt 0.908243 0.941903
vt 0.908813 0.941907
vt 0.899761 0.969099
vt 0.899303 0.968760
vt 0.264785 0.781183
vt 0.290193 0.857973
vt 0.265556 0.935063
vt 0.200258 0.982886
vt 0.119371 0.983156
vt 0.053811 0.935894
vt 0.028581 0.859111
vt 0.053224 0.782208
vt 0.118353 0.734432
vt 0.199123 0.734016
vt 0.729544 0.972472
vt 0.708233 0.956608
vt 0.700318 0.931248
vt 0.708819 0.906079
vt 0.730491 0.890713
vt 0.757056 0.891021
vt 0.778367 0.906885
vt 0.786282 0.932245
vt 0.911461 0.941935
vt 0.902064 0.970800
vt 0.877357 0.988488
vt 0.876476 0.985751
vt 0.847020 0.988144
vt 0.847840 0.985626
vt 0.822626 0.970161
vt 0.824719 0.968659
vt 0.813394 0.941278
vt 0.816042 0.941306
vt 0.822780 0.912423
vt 0.825085 0.914120
vt 0.847469 0.894671
vt 0.848353 0.897408
vt 0.877863 0.895036
vt 0.877039 0.897553
vt 0.902223 0.913071
vt 0.900130 0.914572
vt 0.188827 0.528020
vt 0.238068 0.564463
vt 0.221938 0.576200
vt 0.182684 0.547004
vt 0.127530 0.527528
vt 0.133746 0.546483
vt 0.077674 0.563192
vt 0.093869 0.574836
vt 0.058356 0.621247
vt 0.078306 0.621214
vt 0.076739 0.679643
vt 0.092877 0.667908
vt 0.126008 0.716089
vt 0.132141 0.697107
vt 0.187320 0.716576
vt 0.181077 0.697629
vt 0.237119 0.680950
vt 0.220946 0.669273
vt 0.256522 0.622847
vt 0.236573 0.622900
vt 0.188080 0.293293
vt 0.241773 0.331916
vt 0.232751 0.338536
vt 0.184671 0.303951
vt 0.121936 0.293607
vt 0.125444 0.304233
vt 0.068611 0.332740
vt 0.077696 0.339274
vt 0.048474 0.395740
vt 0.059664 0.395688
vt 0.069209 0.458547
vt 0.078232 0.451928
vt 0.122904 0.497171
vt 0.126312 0.486513
vt 0.189047 0.496856
vt 0.185539 0.486231
vt 0.242371 0.457725
vt 0.233287 0.451190
vt 0.262511 0.394723
vt 0.251321 0.394776
vt 0.193563 0.016614
vt 0.260366 0.064151
vt 0.111549 0.017479
vt 0.045764 0.066403
vt 0.021315 0.144608
vt 0.047460 0.222260
vt 0.114286 0.269729
vt 0.196238 0.268810
vt 0.261950 0.219932
vt 0.286435 0.141811
vt 0.264995 0.781026
vt 0.290455 0.857970
vt 0.238234 0.564345
vt 0.188891 0.527828
vt 0.265769 0.935214
vt 0.127468 0.527334
vt 0.200341 0.983133
vt 0.077511 0.563071
vt 0.119292 0.983405
vt 0.058152 0.621246
vt 0.053600 0.936049
vt 0.076573 0.679760
vt 0.028320 0.859114
vt 0.125943 0.716282
vt 0.053011 0.782056
vt 0.187381 0.716769
vt 0.118269 0.734184
vt 0.237282 0.681071
vt 0.199200 0.733767
vt 0.256725 0.622849
vt 0.903401 0.836235
vt 0.902906 0.835904
vt 0.911935 0.807774
vt 0.912541 0.807783
vt 0.912073 0.941939
vt 0.902727 0.912709
vt 0.902531 0.971145
vt 0.878559 0.855076
vt 0.878362 0.854499
vt 0.877533 0.989041
vt 0.846903 0.854219
vt 0.847129 0.853655
vt 0.846828 0.988725
vt 0.823046 0.835102
vt 0.823550 0.834785
vt 0.822122 0.970524
vt 0.814341 0.806137
vt 0.814944 0.806147
vt 0.812782 0.941274
vt 0.824030 0.777489
vt 0.824522 0.777821
vt 0.822313 0.912078
vt 0.848533 0.759144
vt 0.848737 0.759719
vt 0.847292 0.894118
vt 0.880160 0.759459
vt 0.879943 0.760024
vt 0.878055 0.894455
vt 0.904342 0.779028
vt 0.903837 0.779345
vt 0.729381 0.972953
vt 0.876303 0.985207
vt 0.707819 0.956901
vt 0.848019 0.985084
vt 0.699810 0.931242
vt 0.825182 0.968327
vt 0.708412 0.905776
vt 0.816612 0.941309
vt 0.730339 0.890229
vt 0.825544 0.914459
vt 0.757218 0.890539
vt 0.848526 0.897951
vt 0.778781 0.906591
vt 0.876860 0.898095
vt 0.786790 0.932250
vt 0.899666 0.914904
vt 0.221759 0.576329
vt 0.182613 0.547213
vt 0.242023 0.331733
vt 0.188174 0.292998
vt 0.133812 0.546694
vt 0.121839 0.293313
vt 0.094046 0.574968
vt 0.068360 0.332560
vt 0.078526 0.621217
vt 0.048165 0.395742
vt 0.093057 0.667780
vt 0.068960 0.458730
vt 0.132212 0.696898
vt 0.122810 0.497466
vt 0.181011 0.697418
vt 0.189144 0.497150
vt 0.220770 0.669141
vt 0.242622 0.457905
vt 0.236352 0.622897
vt 0.262820 0.394722
vt 0.232501 0.338718
vt 0.184577 0.304246
vt 0.260598 0.063979
vt 0.193648 0.016338
vt 0.125541 0.304527
vt 0.111457 0.017206
vt 0.077947 0.339455
vt 0.045526 0.066238
vt 0.059973 0.395687
vt 0.021026 0.144613
vt 0.078481 0.451745
vt 0.047228 0.222434
vt 0.126406 0.486218
vt 0.114201 0.270005
vt 0.185442 0.485937
vt 0.196331 0.269083
vt 0.233036 0.451009
vt 0.262186 0.220098
vt 0.251012 0.394777
vt 0.286724 0.141807
vt 0.364370 0.774351
vt 0.363941 0.774417
vt 0.359781 0.740610
vt 0.360292 0.741125
vt 0.957917 0.544816
vt 0.957355 0.545215
vt 0.894843 0.500144
vt 0.895640 0.499923
vt 0.360159 0.740572
vt 0.368641 0.744429
vt 0.368744 0.744955
vt 0.363298 0.736328
vt 0.363846 0.736303
vt 0.369453 0.744095
vt 0.368916 0.744097
vt 0.401518 0.556660
vt 0.401219 0.556810
vt 0.401198 0.533239
vt 0.401495 0.533387
vt 0.894473 0.499511
vt 0.818438 0.501243
vt 0.818763 0.500591
vt 0.363482 0.735901
vt 0.656700 0.738497
vt 0.656327 0.738892
vt 0.401575 0.556960
vt 0.612510 0.556471
vt 0.612453 0.556768
vt 0.366347 0.719097
vt 0.365819 0.719071
vt 0.371262 0.711604
vt 0.371779 0.711609
vt 0.362806 0.714902
vt 0.362938 0.714373
vt 0.371099 0.710784
vt 0.370997 0.711288
vt 0.401552 0.533090
vt 0.612426 0.532899
vt 0.612487 0.533198
vt 0.365992 0.719483
vt 0.648043 0.717846
vt 0.648408 0.718235
vt 0.366487 0.615402
vt 0.366075 0.615472
vt 0.361636 0.582964
vt 0.362135 0.583454
vt 0.762009 0.688873
vt 0.762521 0.688465
vt 0.821875 0.729905
vt 0.821120 0.730123
vt 0.362000 0.582923
vt 0.370219 0.586529
vt 0.370324 0.587035
vt 0.364969 0.578795
vt 0.365497 0.578764
vt 0.370996 0.586197
vt 0.370479 0.586206
vt 0.359497 0.949484
vt 0.359064 0.949701
vt 0.358934 0.915603
vt 0.359364 0.915816
vt 0.822207 0.730512
vt 0.893595 0.730697
vt 0.893239 0.731316
vt 0.365141 0.578382
vt 0.647576 0.577137
vt 0.647222 0.577523
vt 0.359580 0.949916
vt 0.664716 0.948315
vt 0.664634 0.948744
vt 0.362797 0.881996
vt 0.362249 0.881962
vt 0.368003 0.874286
vt 0.368539 0.874298
vt 0.359179 0.877593
vt 0.359323 0.877045
vt 0.367845 0.873432
vt 0.367732 0.873954
vt 0.359445 0.915387
vt 0.664494 0.914215
vt 0.664583 0.914647
vt 0.362424 0.882392
vt 0.655248 0.884575
vt 0.655622 0.884984
vt 0.659812 0.743843
vt 0.660328 0.743352
vt 0.655529 0.776469
vt 0.655101 0.776396
vt 0.400480 0.053300
vt 0.400415 0.052760
vt 0.426570 0.071610
vt 0.426220 0.071844
vt 0.656876 0.738924
vt 0.651135 0.746588
vt 0.650587 0.746591
vt 0.659952 0.743301
vt 0.651311 0.747480
vt 0.651415 0.746929
vt 0.400053 0.053116
vt 0.368607 0.053293
vt 0.368235 0.052934
vt 0.612807 0.556619
vt 0.612786 0.533048
vt 0.651420 0.713164
vt 0.651552 0.713693
vt 0.643337 0.710088
vt 0.643231 0.709582
vt 0.648583 0.717818
vt 0.642560 0.710420
vt 0.643076 0.710411
vt 0.650641 0.582246
vt 0.651132 0.581767
vt 0.646934 0.613723
vt 0.646520 0.613658
vt 0.368831 0.151384
vt 0.368897 0.151925
vt 0.342717 0.133045
vt 0.343069 0.132814
vt 0.647751 0.577546
vt 0.642319 0.585001
vt 0.641792 0.585011
vt 0.650770 0.581723
vt 0.642500 0.585857
vt 0.642594 0.585326
vt 0.369257 0.151567
vt 0.400664 0.151291
vt 0.401041 0.151647
vt 0.665146 0.948527
vt 0.665015 0.914429
vt 0.658818 0.879762
vt 0.658947 0.880313
vt 0.650469 0.876457
vt 0.650367 0.875931
vt 0.655808 0.884554
vt 0.649658 0.876791
vt 0.650194 0.876788
vt 0.647118 0.847687
vt 0.646699 0.847743
vt 0.645749 0.811217
vt 0.646174 0.811219
vt 0.646280 0.847791
vt 0.645322 0.811214
vt 0.372311 0.845943
vt 0.371892 0.845887
vt 0.373365 0.809670
vt 0.373792 0.809673
vt 0.371474 0.845824
vt 0.372940 0.809667
vt 0.650309 0.747023
vt 0.369724 0.744531
vt 0.650336 0.747457
vt 0.369689 0.744965
vt 0.649421 0.875921
vt 0.649387 0.876354
vt 0.368817 0.873866
vt 0.368790 0.873432
vt 0.642321 0.709585
vt 0.642293 0.710003
vt 0.372041 0.711190
vt 0.372010 0.710772
vt 0.642758 0.709438
vt 0.639339 0.682481
vt 0.639742 0.682423
vt 0.638936 0.682533
vt 0.371571 0.710635
vt 0.374645 0.684203
vt 0.375049 0.684252
vt 0.374241 0.684148
vt 0.641530 0.585430
vt 0.371262 0.586614
vt 0.641561 0.585848
vt 0.371235 0.587032
vt 0.845844 0.675910
vt 0.869390 0.676497
vt 0.829539 0.664752
vt 0.825235 0.658656
vt 0.835084 0.656459
vt 0.847370 0.659399
vt 0.864340 0.655897
vt 0.889763 0.656796
vt 0.880393 0.654570
vt 0.885851 0.667901
vt 0.979945 0.618609
vt 0.954595 0.689704
vt 0.758091 0.547326
vt 0.737451 0.619368
vt 0.646807 0.774944
vt 0.372832 0.773095
vt 0.637547 0.647317
vt 0.376012 0.649301
vt 0.638514 0.612367
vt 0.374621 0.614084
vt 0.653790 0.811338
vt 0.654742 0.846536
vt 0.364016 0.844495
vt 0.365324 0.809551
vt 0.647644 0.775064
vt 0.371994 0.773198
vt 0.647070 0.681216
vt 0.367042 0.682964
vt 0.645703 0.647328
vt 0.638367 0.647312
vt 0.367856 0.649291
vt 0.375192 0.649306
vt 0.639321 0.612471
vt 0.373815 0.614195
vt 0.922681 0.847042
vt 0.882592 0.865874
vt 0.842437 0.865121
vt 0.803405 0.845370
vt 0.786421 0.805635
vt 0.804749 0.766545
vt 0.844417 0.748394
vt 0.884475 0.748520
vt 0.924029 0.768771
vt 0.940738 0.808223
vt 0.885398 0.668131
vt 0.889352 0.657000
vt 0.923458 0.847491
vt 0.941564 0.808236
vt 0.882858 0.866624
vt 0.869244 0.676200
vt 0.842135 0.865857
vt 0.846046 0.675700
vt 0.802635 0.845786
vt 0.829984 0.664866
vt 0.785437 0.805617
vt 0.825662 0.659066
vt 0.804015 0.766110
vt 0.835464 0.656705
vt 0.844129 0.747618
vt 0.847493 0.659431
vt 0.884763 0.747781
vt 0.864204 0.655986
vt 0.924739 0.768392
vt 0.880031 0.654744
vt 0.955109 0.690130
vt 0.894344 0.730950
vt 0.363587 0.844422
vt 0.358802 0.877540
vt 0.364891 0.809549
vt 0.980627 0.618640
vt 0.362442 0.714856
vt 0.366628 0.682899
vt 0.817621 0.501041
vt 0.757525 0.546957
vt 0.367439 0.649295
vt 0.736786 0.619406
vt 0.401095 0.151095
vt 0.426589 0.132254
vt 0.426942 0.132482
vt 0.659330 0.880277
vt 0.655171 0.846470
vt 0.436141 0.102009
vt 0.436563 0.102012
vt 0.654223 0.811340
vt 0.368178 0.053487
vt 0.342683 0.072374
vt 0.342329 0.072148
vt 0.651919 0.713654
vt 0.647482 0.681147
vt 0.333147 0.102654
vt 0.332725 0.102650
vt 0.646120 0.647325
vt 0.649877 0.875775
vt 0.647226 0.775000
vt 0.368337 0.873284
vt 0.372413 0.773143
vt 0.650788 0.747624
vt 0.369234 0.745111
vt 0.637957 0.647315
vt 0.375602 0.649303
vt 0.638917 0.612415
vt 0.374218 0.614136
vt 0.641998 0.586003
vt 0.370798 0.587179
vt 0.362998 0.735903
vt 0.359720 0.740342
vt 0.894990 0.499644
vt 0.401219 0.556960
vt 0.362383 0.715113
vt 0.365528 0.719479
vt 0.401198 0.533090
vt 0.818257 0.500743
vt 0.364674 0.578390
vt 0.361574 0.582707
vt 0.821726 0.730384
vt 0.359065 0.949918
vt 0.358737 0.877806
vt 0.361942 0.882382
vt 0.358933 0.915389
vt 0.893723 0.731198
vt 0.400263 0.053139
vt 0.660393 0.743089
vt 0.657182 0.738506
vt 0.612807 0.556768
vt 0.368396 0.053320
vt 0.612786 0.532898
vt 0.648880 0.718228
vt 0.651981 0.713911
vt 0.369047 0.151544
vt 0.651191 0.581513
vt 0.648041 0.577140
vt 0.665147 0.948742
vt 0.400876 0.151262
vt 0.665014 0.914212
vt 0.656111 0.884983
vt 0.659390 0.880545
vt 0.650842 0.747092
vt 0.369191 0.744594
vt 0.649919 0.876291
vt 0.368285 0.873797
vt 0.642805 0.709936
vt 0.371528 0.711130
vt 0.642044 0.585490
vt 0.370750 0.586682
vt 0.568912 0.329034
vt 0.568779 0.328630
vt 0.604135 0.302993
vt 0.604480 0.303243
vt 0.568639 0.328198
vt 0.603768 0.302726
vt 0.565592 0.319015
vt 0.565446 0.318558
vt 0.595521 0.296800
vt 0.595908 0.297085
vt 0.565294 0.318087
vt 0.595122 0.296508
vt 0.439125 0.302531
vt 0.438775 0.302278
vt 0.452248 0.261299
vt 0.452679 0.261298
vt 0.438405 0.302007
vt 0.451789 0.261297
vt 0.431944 0.297338
vt 0.431551 0.297050
vt 0.443330 0.261315
vt 0.443817 0.261317
vt 0.431146 0.296754
vt 0.442829 0.261313
vt 0.767428 0.301659
vt 0.767079 0.301408
vt 0.780261 0.260651
vt 0.780691 0.260649
vt 0.766708 0.301141
vt 0.779804 0.260652
vt 0.760401 0.296630
vt 0.760008 0.296345
vt 0.771565 0.260708
vt 0.772050 0.260708
vt 0.759604 0.296052
vt 0.771066 0.260709
vt 0.327617 0.402484
vt 0.337565 0.434468
vt 0.330396 0.439559
vt 0.318833 0.402396
vt 0.338301 0.370701
vt 0.331211 0.365509
vt 0.365657 0.351305
vt 0.362956 0.342946
vt 0.399146 0.351601
vt 0.401835 0.343236
vt 0.426084 0.371612
vt 0.433226 0.366494
vt 0.436049 0.403632
vt 0.444842 0.403749
vt 0.425250 0.435317
vt 0.432326 0.440525
vt 0.398031 0.454797
vt 0.400793 0.463135
vt 0.364493 0.454489
vt 0.361748 0.462836
vt 0.617228 0.261470
vt 0.607552 0.261528
vt 0.603849 0.220169
vt 0.596060 0.225907
vt 0.568750 0.194634
vt 0.565824 0.203855
vt 0.525352 0.194607
vt 0.528404 0.203788
vt 0.490225 0.220089
vt 0.498090 0.225723
vt 0.476784 0.261349
vt 0.486459 0.261285
vt 0.490161 0.302630
vt 0.497951 0.296892
vt 0.525247 0.328163
vt 0.528177 0.318942
vt 0.438689 0.220493
vt 0.432252 0.225195
vt 0.404107 0.195185
vt 0.401663 0.202773
vt 0.361254 0.195037
vt 0.363737 0.202612
vt 0.326500 0.220104
vt 0.332961 0.224774
vt 0.313115 0.260811
vt 0.321086 0.260792
vt 0.326212 0.301612
vt 0.332650 0.296913
vt 0.360790 0.326927
vt 0.363235 0.319340
vt 0.403647 0.327076
vt 0.401164 0.319502
vt 0.766606 0.220196
vt 0.760364 0.224798
vt 0.732148 0.195223
vt 0.729803 0.202615
vt 0.689592 0.195274
vt 0.692040 0.202632
vt 0.655193 0.220329
vt 0.661498 0.224844
vt 0.642087 0.260818
vt 0.649841 0.260764
vt 0.655285 0.301281
vt 0.661527 0.296679
vt 0.689747 0.326258
vt 0.692092 0.318866
vt 0.732311 0.326205
vt 0.729861 0.318847
vt 0.491133 0.406277
vt 0.501342 0.438313
vt 0.495077 0.442816
vt 0.483423 0.406248
vt 0.501639 0.374302
vt 0.495391 0.369783
vt 0.528964 0.354642
vt 0.526548 0.347321
vt 0.562580 0.354712
vt 0.564896 0.347358
vt 0.589762 0.374615
vt 0.596002 0.370085
vt 0.599985 0.406690
vt 0.607701 0.406749
vt 0.589367 0.438567
vt 0.595606 0.443098
vt 0.562183 0.458302
vt 0.564651 0.465604
vt 0.528511 0.458226
vt 0.526148 0.465566
vt 0.607978 0.305946
vt 0.570155 0.333277
vt 0.563701 0.313148
vt 0.590931 0.293447
vt 0.622526 0.261600
vt 0.618107 0.261471
vt 0.601385 0.261508
vt 0.606576 0.261521
vt 0.608208 0.217157
vt 0.604560 0.219652
vt 0.591061 0.229518
vt 0.595268 0.226476
vt 0.570505 0.189633
vt 0.569020 0.193796
vt 0.563908 0.209716
vt 0.565521 0.204782
vt 0.523833 0.189530
vt 0.525079 0.193771
vt 0.530300 0.209655
vt 0.528704 0.204716
vt 0.486012 0.216874
vt 0.489513 0.219573
vt 0.503072 0.229357
vt 0.498878 0.226298
vt 0.471486 0.261224
vt 0.475904 0.261351
vt 0.492625 0.261298
vt 0.487434 0.261287
vt 0.485800 0.305642
vt 0.489450 0.303148
vt 0.502946 0.293278
vt 0.498741 0.296320
vt 0.523489 0.333163
vt 0.524976 0.329000
vt 0.530095 0.313083
vt 0.528481 0.318015
vt 0.457152 0.261439
vt 0.442660 0.305273
vt 0.426903 0.293644
vt 0.437568 0.261290
vt 0.443111 0.217455
vt 0.439411 0.219971
vt 0.427180 0.228847
vt 0.431450 0.225773
vt 0.405897 0.190128
vt 0.404383 0.194339
vt 0.399707 0.208708
vt 0.401354 0.203712
vt 0.359731 0.189893
vt 0.360980 0.194190
vt 0.365643 0.208563
vt 0.364039 0.203553
vt 0.322244 0.216838
vt 0.325780 0.219580
vt 0.338000 0.228469
vt 0.333758 0.225358
vt 0.307752 0.260669
vt 0.312224 0.260810
vt 0.327335 0.260820
vt 0.322074 0.260797
vt 0.321789 0.304649
vt 0.325490 0.302135
vt 0.337723 0.293263
vt 0.333453 0.296336
vt 0.358998 0.331983
vt 0.360513 0.327774
vt 0.365194 0.313405
vt 0.363546 0.318401
vt 0.405170 0.332220
vt 0.403921 0.327924
vt 0.399259 0.313550
vt 0.400863 0.318560
vt 0.785145 0.260766
vt 0.770962 0.304371
vt 0.755364 0.292976
vt 0.765827 0.260712
vt 0.770994 0.217150
vt 0.767321 0.219672
vt 0.755332 0.228458
vt 0.759568 0.225377
vt 0.733908 0.190180
vt 0.732419 0.194379
vt 0.727883 0.208534
vt 0.729499 0.203551
vt 0.688052 0.190159
vt 0.689315 0.194431
vt 0.693964 0.208549
vt 0.692344 0.203568
vt 0.650941 0.217095
vt 0.654474 0.219810
vt 0.666532 0.228500
vt 0.662294 0.225422
vt 0.636746 0.260701
vt 0.641200 0.260821
vt 0.656064 0.260762
vt 0.650825 0.260763
vt 0.650896 0.304325
vt 0.654570 0.301804
vt 0.666560 0.293021
vt 0.662323 0.296101
vt 0.687986 0.331301
vt 0.689476 0.327103
vt 0.694012 0.312947
vt 0.692395 0.317930
vt 0.733855 0.331319
vt 0.732590 0.327047
vt 0.727933 0.312930
vt 0.729555 0.317912
vt 0.452117 0.101671
vt 0.439651 0.141450
vt 0.438886 0.062158
vt 0.404945 0.037889
vt 0.363156 0.038257
vt 0.329605 0.063211
vt 0.317175 0.102971
vt 0.330368 0.142462
vt 0.364394 0.166798
vt 0.406135 0.166325
vt 0.337936 0.434209
vt 0.364636 0.454061
vt 0.563550 0.312677
vt 0.530249 0.312613
vt 0.590533 0.293154
vt 0.328068 0.402485
vt 0.600890 0.261505
vt 0.338665 0.370969
vt 0.590662 0.229810
vt 0.365790 0.351735
vt 0.563755 0.210186
vt 0.399007 0.352031
vt 0.530452 0.210126
vt 0.425717 0.371874
vt 0.503471 0.229648
vt 0.435597 0.403625
vt 0.493119 0.261299
vt 0.424888 0.435050
vt 0.503347 0.292988
vt 0.397891 0.454367
vt 0.494678 0.443100
vt 0.482933 0.406245
vt 0.570289 0.333690
vt 0.608329 0.306202
vt 0.494996 0.369494
vt 0.622960 0.261600
vt 0.526396 0.346855
vt 0.608560 0.216902
vt 0.565045 0.346892
vt 0.570639 0.189220
vt 0.596400 0.369799
vt 0.523699 0.189117
vt 0.608190 0.406756
vt 0.485661 0.216618
vt 0.596002 0.443388
vt 0.471052 0.261223
vt 0.564805 0.466069
vt 0.485449 0.305897
vt 0.525996 0.466032
vt 0.523355 0.333576
vt 0.329995 0.439839
vt 0.318344 0.402390
vt 0.443014 0.305533
vt 0.457590 0.261441
vt 0.330818 0.365218
vt 0.443467 0.217199
vt 0.362808 0.342479
vt 0.406035 0.189712
vt 0.401987 0.342772
vt 0.359597 0.189475
vt 0.433625 0.366210
vt 0.321890 0.216578
vt 0.445331 0.403759
vt 0.307313 0.260667
vt 0.432719 0.440817
vt 0.321433 0.304906
vt 0.400943 0.463600
vt 0.358860 0.332400
vt 0.361593 0.463300
vt 0.405304 0.332638
vt 0.426499 0.293347
vt 0.437067 0.261288
vt 0.440046 0.141732
vt 0.452601 0.101667
vt 0.426773 0.229140
vt 0.439275 0.061870
vt 0.399550 0.209184
vt 0.405091 0.037426
vt 0.365796 0.209041
vt 0.363001 0.037797
vt 0.338404 0.228765
vt 0.329209 0.062930
vt 0.327837 0.260822
vt 0.316690 0.102976
vt 0.338130 0.292970
vt 0.329978 0.142750
vt 0.365351 0.312928
vt 0.364249 0.167261
vt 0.399106 0.313072
vt 0.406290 0.166784
vt 0.732723 0.462738
vt 0.732884 0.463200
vt 0.694695 0.463822
vt 0.694839 0.463353
vt 0.771316 0.304627
vt 0.785581 0.260766
vt 0.663475 0.441802
vt 0.663869 0.441511
vt 0.771347 0.216893
vt 0.651243 0.405721
vt 0.651733 0.405716
vt 0.734043 0.189765
vt 0.662490 0.369317
vt 0.662890 0.369599
vt 0.687917 0.189744
vt 0.693009 0.346473
vt 0.693168 0.346937
vt 0.650588 0.216839
vt 0.731082 0.345861
vt 0.730940 0.346330
vt 0.636310 0.260701
vt 0.762328 0.367860
vt 0.761935 0.368153
vt 0.650543 0.304582
vt 0.774587 0.404022
vt 0.774097 0.404025
vt 0.687852 0.331716
vt 0.763250 0.440330
vt 0.762849 0.440047
vt 0.733990 0.331734
vt 0.501712 0.438050
vt 0.528652 0.457796
vt 0.754960 0.292683
vt 0.727778 0.312456
vt 0.765328 0.260712
vt 0.491585 0.406276
vt 0.754928 0.228751
vt 0.502006 0.374570
vt 0.727728 0.209009
vt 0.529101 0.355072
vt 0.694119 0.209024
vt 0.562443 0.355145
vt 0.666936 0.228794
vt 0.589395 0.374880
vt 0.656563 0.260763
vt 0.599531 0.406685
vt 0.666964 0.292728
vt 0.589002 0.438301
vt 0.694166 0.312472
vt 0.562039 0.457871
vt 0.617681 0.261473
vt 0.607072 0.261524
vt 0.604216 0.219903
vt 0.595669 0.226187
vt 0.568890 0.194202
vt 0.565674 0.204312
vt 0.525212 0.194176
vt 0.528552 0.204245
vt 0.489858 0.219822
vt 0.498478 0.226007
vt 0.476330 0.261349
vt 0.486940 0.261287
vt 0.489794 0.302897
vt 0.498340 0.296611
vt 0.525107 0.328594
vt 0.528327 0.318486
vt 0.439061 0.220224
vt 0.431857 0.225479
vt 0.404250 0.194749
vt 0.401511 0.203235
vt 0.361113 0.194600
vt 0.363885 0.203076
vt 0.326129 0.219833
vt 0.333353 0.225062
vt 0.312656 0.260810
vt 0.321573 0.260795
vt 0.325839 0.301881
vt 0.333046 0.296629
vt 0.360647 0.327363
vt 0.363388 0.318878
vt 0.403788 0.327513
vt 0.401016 0.319038
vt 0.766975 0.219926
vt 0.759972 0.225083
vt 0.732288 0.194788
vt 0.729653 0.203076
vt 0.689450 0.194839
vt 0.692189 0.203093
vt 0.654822 0.220060
vt 0.661889 0.225129
vt 0.641629 0.260818
vt 0.650326 0.260764
vt 0.654916 0.301550
vt 0.661919 0.296395
vt 0.689607 0.326693
vt 0.692242 0.318406
vt 0.732454 0.326639
vt 0.729711 0.318387
vt 0.784685 0.122319
vt 0.784357 0.122075
vt 0.789943 0.105543
vt 0.790352 0.105549
vt 0.858773 0.137134
vt 0.858626 0.136668
vt 0.874885 0.125074
vt 0.875277 0.125364
vt 0.860939 0.343053
vt 0.816685 0.311915
vt 0.823203 0.307368
vt 0.863544 0.335545
vt 0.958378 0.309713
vt 0.915073 0.342237
vt 0.912755 0.334637
vt 0.952029 0.304937
vt 0.974275 0.257956
vt 0.966331 0.257828
vt 0.956708 0.206757
vt 0.950205 0.211324
vt 0.912417 0.175674
vt 0.909838 0.183191
vt 0.858330 0.176551
vt 0.860658 0.184151
vt 0.815085 0.209037
vt 0.821433 0.213822
vt 0.799180 0.260732
vt 0.807127 0.260878
vt 0.863753 0.334859
vt 0.823775 0.306936
vt 0.843288 0.291598
vt 0.870524 0.310985
vt 0.951442 0.304525
vt 0.912529 0.333957
vt 0.903956 0.310665
vt 0.930808 0.290742
vt 0.965614 0.257842
vt 0.940819 0.258832
vt 0.949634 0.211758
vt 0.930159 0.227139
vt 0.909630 0.183877
vt 0.902913 0.207770
vt 0.860893 0.184829
vt 0.869493 0.208114
vt 0.822021 0.214232
vt 0.842656 0.228028
vt 0.807844 0.260865
vt 0.832647 0.259914
vt 0.870764 0.310227
vt 0.843926 0.291126
vt 0.851557 0.285474
vt 0.873616 0.301169
vt 0.930165 0.290276
vt 0.903708 0.309910
vt 0.900684 0.300905
vt 0.922428 0.284773
vt 0.940025 0.258825
vt 0.930528 0.258914
vt 0.929521 0.227611
vt 0.921897 0.233277
vt 0.902675 0.208528
vt 0.899836 0.217591
vt 0.869745 0.208866
vt 0.872773 0.217869
vt 0.843302 0.228489
vt 0.851040 0.233995
vt 0.833441 0.259907
vt 0.842938 0.259819
vt 0.481376 0.067173
vt 0.511707 0.045199
vt 0.515965 0.057919
vt 0.492303 0.074955
vt 0.481359 0.138448
vt 0.469775 0.102807
vt 0.483187 0.102662
vt 0.492107 0.130426
vt 0.511630 0.160424
vt 0.515651 0.147626
vt 0.549060 0.160488
vt 0.544803 0.147765
vt 0.579396 0.138500
vt 0.568468 0.130722
vt 0.590996 0.102855
vt 0.577585 0.103018
vt 0.579423 0.067254
vt 0.568660 0.075257
vt 0.549140 0.045220
vt 0.545133 0.058022
vt 0.672590 0.154271
vt 0.640452 0.154560
vt 0.645959 0.137081
vt 0.666770 0.136894
vt 0.708074 0.104491
vt 0.698419 0.135146
vt 0.683497 0.124509
vt 0.689749 0.104658
vt 0.697867 0.074019
vt 0.683138 0.084923
vt 0.671698 0.055362
vt 0.666192 0.072842
vt 0.639560 0.055652
vt 0.645380 0.073029
vt 0.613730 0.074777
vt 0.628653 0.085414
vt 0.604076 0.105431
vt 0.622401 0.105266
vt 0.614283 0.135905
vt 0.629011 0.125001
vt 0.773670 0.142847
vt 0.749243 0.142669
vt 0.752533 0.132316
vt 0.770236 0.132543
vt 0.801216 0.105479
vt 0.793530 0.128621
vt 0.793871 0.082207
vt 0.785119 0.088644
vt 0.774226 0.067697
vt 0.770938 0.078049
vt 0.749791 0.067520
vt 0.753237 0.077819
vt 0.729954 0.081732
vt 0.738790 0.088049
vt 0.722236 0.104894
vt 0.733098 0.104812
vt 0.729605 0.128155
vt 0.738357 0.121720
vt 0.838658 0.136491
vt 0.822607 0.124610
vt 0.816606 0.105565
vt 0.881223 0.106137
vt 0.822944 0.086629
vt 0.875221 0.087092
vt 0.839202 0.075035
vt 0.859171 0.075212
vt 0.730503 0.456488
vt 0.757412 0.436244
vt 0.767460 0.404098
vt 0.756635 0.372144
vt 0.729047 0.352688
vt 0.695353 0.353201
vt 0.668331 0.373395
vt 0.658366 0.405619
vt 0.669186 0.437539
vt 0.696763 0.457004
vt 0.816381 0.312142
vt 0.798801 0.260737
vt 0.730368 0.456102
vt 0.696883 0.456614
vt 0.757079 0.436009
vt 0.860826 0.343415
vt 0.767052 0.404101
vt 0.915194 0.342596
vt 0.756308 0.372388
vt 0.958688 0.309932
vt 0.728929 0.353079
vt 0.974654 0.257951
vt 0.695484 0.353586
vt 0.957011 0.206530
vt 0.668664 0.373630
vt 0.912529 0.175311
vt 0.658774 0.405612
vt 0.858207 0.176192
vt 0.669514 0.437296
vt 0.814776 0.208818
vt 0.823482 0.307157
vt 0.863646 0.335210
vt 0.912645 0.334305
vt 0.951743 0.304737
vt 0.965981 0.257835
vt 0.949926 0.211536
vt 0.909737 0.183526
vt 0.860773 0.184482
vt 0.821720 0.214022
vt 0.807477 0.260872
vt 0.843603 0.291366
vt 0.870642 0.310611
vt 0.903834 0.310293
vt 0.930491 0.290512
vt 0.940428 0.258828
vt 0.929844 0.227371
vt 0.902795 0.208144
vt 0.869617 0.208485
vt 0.842975 0.228256
vt 0.833039 0.259911
vt 0.851881 0.285235
vt 0.873738 0.300785
vt 0.511571 0.044777
vt 0.481017 0.066911
vt 0.900558 0.300522
vt 0.469332 0.102807
vt 0.922102 0.284538
vt 0.481001 0.138709
vt 0.930125 0.258927
vt 0.511492 0.160846
vt 0.921573 0.233517
vt 0.549196 0.160910
vt 0.899715 0.217975
vt 0.579754 0.138761
vt 0.872901 0.218250
vt 0.591440 0.102854
vt 0.851368 0.234229
vt 0.579782 0.066993
vt 0.843340 0.259816
vt 0.549278 0.044799
vt 0.516094 0.058322
vt 0.492645 0.075207
vt 0.640305 0.155027
vt 0.672745 0.154736
vt 0.483611 0.102665
vt 0.698818 0.135431
vt 0.492451 0.130178
vt 0.708563 0.104487
vt 0.515784 0.147224
vt 0.698260 0.073727
vt 0.544675 0.147361
vt 0.671845 0.054896
vt 0.568126 0.130471
vt 0.639405 0.055187
vt 0.577161 0.103016
vt 0.613332 0.074493
vt 0.568316 0.075504
vt 0.603587 0.105435
vt 0.545000 0.058424
vt 0.613890 0.136197
vt 0.646106 0.136614
vt 0.666615 0.136430
vt 0.749103 0.143085
vt 0.773803 0.143265
vt 0.683099 0.124225
vt 0.793883 0.128881
vt 0.689260 0.104662
vt 0.801655 0.105483
vt 0.682745 0.085214
vt 0.794228 0.081952
vt 0.666044 0.073308
vt 0.774365 0.067280
vt 0.645535 0.073493
vt 0.749658 0.067101
vt 0.629052 0.085698
vt 0.729600 0.081472
vt 0.622891 0.105261
vt 0.721798 0.104891
vt 0.629404 0.124709
vt 0.729248 0.128410
vt 0.752665 0.131929
vt 0.770115 0.132153
vt 0.822209 0.124894
vt 0.838503 0.136954
vt 0.784785 0.088879
vt 0.881712 0.106142
vt 0.770806 0.078436
vt 0.875619 0.086808
vt 0.753358 0.078210
vt 0.859326 0.074749
vt 0.739116 0.088294
vt 0.839055 0.074569
vt 0.733507 0.104818
vt 0.822551 0.086338
vt 0.738691 0.121485
vt 0.816117 0.105561

# vertex normals
vn 0.951056 0.309017 0.000000
vn 0.951057 0.309017 0.000000
vn 0.951056 -0.309017 0.000000
vn 0.951057 -0.309017 0.000000
vn 0.587787 -0.809016 0.000000
vn 0.000000 -1.000000 0.000000
vn -0.587787 -0.809016 0.000000
vn -0.951056 -0.309017 0.000000
vn -0.951057 -0.309017 0.000000
vn -0.951056 0.309017 0.000000
vn -0.951057 0.309017 0.000000
vn -0.543475 0.836816 -0.066135
vn -0.543249 0.838553 0.041358
vn -0.541230 0.840425 0.027493
vn -0.564414 0.823100 -0.062796
vn 0.543082 0.839384 0.022276
vn 0.297444 0.954513 0.020798
vn 0.547768 0.833915 -0.067346
vn 0.558244 0.828140 -0.050480
vn -0.541847 0.840323 -0.016121
vn -0.540831 0.841057 -0.011205
vn -0.542799 0.839476 -0.025495
vn 0.544693 0.838557 -0.011438
vn 0.545759 0.837809 -0.014955
vn 0.546916 0.836866 -0.023210
vn -0.587786 -0.809016 0.000000
vn -0.604286 0.796765 0.001822
vn -0.616122 0.787646 -0.002690
vn -0.564768 0.822832 0.063128
vn -0.540308 0.838696 0.068241
vn 0.583598 0.812020 0.006144
vn 0.585933 0.810325 0.007459
vn 0.543398 0.837783 0.053274
vn 0.549728 0.834496 0.037616
vn 0.000014 1.000000 0.000783
vn 0.000017 0.999999 0.000974
vn 0.000000 1.000000 0.000000
vn 0.432594 0.845032 -0.314299
vn 0.165237 0.845032 -0.508545
vn 0.225533 0.923458 -0.310418
vn -0.165237 0.845032 -0.508545
vn 0.000000 0.923458 -0.383700
vn -0.432594 0.845032 -0.314299
vn -0.225533 0.923458 -0.310419
vn -0.534716 0.845032 0.000000
vn -0.364919 0.923458 -0.118571
vn -0.432594 0.845032 0.314299
vn -0.364920 0.923458 0.118571
vn -0.165237 0.845032 0.508545
vn -0.225534 0.923457 0.310421
vn 0.165237 0.845032 0.508545
vn 0.000000 0.923457 0.383702
vn 0.432594 0.845032 0.314298
vn 0.225534 0.923458 0.310419
vn 0.534716 0.845032 0.000000
vn 0.364920 0.923458 0.118571
vn 0.364919 0.923458 -0.118571
vn 0.000000 1.000000 -0.000006
vn -0.573270 0.818825 0.029776
vn -0.574520 0.818036 0.027267
vn 0.000000 0.999997 -0.002338
vn 0.574519 0.818037 0.027268
vn 0.573269 0.818826 0.029778
vn -0.531198 0.731131 -0.428108
vn -0.531193 0.731124 -0.428126
vn -0.541858 0.745804 -0.387512
vn -0.859602 0.279302 -0.427873
vn -0.859587 0.279297 -0.427907
vn -0.879684 0.285828 -0.380078
vn -0.859730 -0.279343 -0.427589
vn -0.859712 -0.279337 -0.427629
vn -0.883262 -0.286990 -0.370790
vn -0.531404 -0.731414 -0.427368
vn -0.531396 -0.731404 -0.427396
vn -0.547649 -0.753774 -0.363188
vn -0.000000 -0.904112 -0.427295
vn 0.000000 -0.932852 -0.360261
vn 0.531396 -0.731404 -0.427396
vn 0.531404 -0.731414 -0.427368
vn 0.547649 -0.753774 -0.363187
vn 0.859712 -0.279337 -0.427629
vn 0.859730 -0.279343 -0.427589
vn 0.883263 -0.286989 -0.370789
vn 0.859587 0.279297 -0.427907
vn 0.859602 0.279301 -0.427873
vn 0.879684 0.285827 -0.380078
vn 0.531193 0.731124 -0.428126
vn 0.531198 0.731131 -0.428108
vn 0.541859 0.745805 -0.387509
vn 0.000000 0.903682 -0.428204
vn 0.000000 0.920674 -0.390332
vn -0.567632 0.781278 0.259612
vn -0.539342 0.742341 0.397544
vn 0.000000 0.965713 0.259612
vn 0.000000 0.917583 0.397543
vn 0.567632 0.781278 0.259612
vn 0.539342 0.742341 0.397543
vn 0.918448 0.298422 0.259612
vn 0.872674 0.283549 0.397543
vn 0.918448 -0.298422 0.259612
vn 0.872674 -0.283549 0.397543
vn 0.567632 -0.781278 0.259612
vn 0.539342 -0.742341 0.397543
vn 0.000000 -0.965713 0.259612
vn 0.000000 -0.917583 0.397544
vn -0.567632 -0.781278 0.259612
vn -0.539342 -0.742340 0.397543
vn -0.918448 -0.298422 0.259612
vn -0.872674 -0.283549 0.397543
vn -0.918448 0.298422 0.259612
vn -0.872674 0.283549 0.397543
vn 0.000000 0.000000 1.000000
vn 0.482283 0.802885 -0.350399
vn 0.232885 0.957672 -0.169202
vn 0.088953 0.957662 -0.273807
vn 0.184216 0.802884 -0.566958
vn -0.350901 0.901047 0.254918
vn -0.561538 0.715478 0.415652
vn -0.212210 0.714031 0.667178
vn -0.134031 0.901038 0.412513
vn 0.530925 -0.730756 -0.429086
vn -0.000000 -0.903264 -0.429086
vn -0.530925 -0.730756 -0.429086
vn -0.859055 -0.279124 -0.429086
vn -0.859055 0.279124 -0.429086
vn -0.530925 0.730756 -0.429086
vn 0.000000 0.903264 -0.429085
vn 0.530925 0.730756 -0.429086
vn 0.859055 0.279124 -0.429086
vn 0.859055 -0.279124 -0.429086
vn -0.184216 0.802884 -0.566958
vn -0.482283 0.802885 -0.350399
vn -0.596134 0.802885 0.000001
vn -0.482283 0.802884 0.350400
vn -0.184216 0.802885 0.566956
vn 0.184216 0.802885 0.566957
vn 0.482283 0.802885 0.350399
vn 0.596134 0.802885 0.000000
vn -0.520539 0.760352 0.388465
vn -0.199076 0.748952 0.632013
vn 0.199076 0.748953 0.632012
vn 0.212209 0.714034 0.667175
vn 0.520541 0.760353 0.388459
vn 0.561537 0.715482 0.415646
vn 0.641526 0.767101 -0.000003
vn 0.697697 0.716393 -0.000004
vn 0.520540 0.760351 -0.388465
vn 0.561537 0.715478 -0.415652
vn 0.199077 0.748949 -0.632016
vn 0.212209 0.714032 -0.667177
vn -0.199077 0.748950 -0.632014
vn -0.212210 0.714032 -0.667177
vn -0.520541 0.760352 -0.388461
vn -0.561538 0.715479 -0.415650
vn -0.641526 0.767101 0.000001
vn -0.697698 0.716392 0.000002
vn 0.587785 -0.809017 -0.001072
vn 0.587785 -0.809017 -0.001073
vn 0.587781 -0.809012 0.003756
vn -0.000000 -0.999999 -0.001073
vn 0.000000 -0.999993 0.003756
vn -0.587785 -0.809016 -0.001073
vn -0.587781 -0.809011 0.003756
vn -0.951056 -0.309017 -0.001073
vn -0.951050 -0.309015 0.003756
vn -0.951056 0.309017 -0.001072
vn -0.951050 0.309015 0.003755
vn -0.587785 0.809017 -0.001072
vn -0.587781 0.809012 0.003755
vn 0.000000 0.999999 -0.001074
vn 0.000000 0.999993 0.003755
vn 0.587785 0.809016 -0.001072
vn 0.587781 0.809011 0.003755
vn 0.951056 0.309017 -0.001073
vn 0.951050 0.309015 0.003756
vn 0.951056 -0.309017 -0.001073
vn 0.951050 -0.309015 0.003756
vn 0.004697 -0.014453 0.999884
vn 0.012295 -0.008932 0.999884
vn -0.005144 0.003737 0.999980
vn -0.001965 0.006047 0.999980
vn -0.004696 -0.014453 0.999884
vn 0.001966 0.006047 0.999980
vn -0.012294 -0.008932 0.999884
vn 0.005145 0.003738 0.999980
vn -0.015196 0.000000 0.999884
vn 0.006358 0.000000 0.999980
vn -0.012296 0.008933 0.999884
vn 0.005145 -0.003737 0.999980
vn -0.004698 0.014453 0.999884
vn 0.001966 -0.006047 0.999980
vn 0.004697 0.014453 0.999884
vn -0.001965 -0.006047 0.999980
vn 0.012295 0.008932 0.999884
vn -0.005145 -0.003738 0.999980
vn 0.015196 0.000000 0.999884
vn -0.006359 0.000000 0.999980
vn -0.587780 0.809011 0.003925
vn 0.000000 0.999992 0.003925
vn 0.587780 0.809011 0.003925
vn 0.587780 0.809011 0.003926
vn 0.951049 0.309015 0.003926
vn 0.951049 -0.309014 0.003925
vn 0.587781 -0.809011 0.003926
vn 0.000000 -0.999992 0.003925
vn -0.587781 -0.809011 0.003925
vn -0.951049 -0.309015 0.003926
vn -0.951049 -0.309015 0.003925
vn -0.951049 0.309014 0.003926
vn -0.951049 0.309014 0.003925
vn 0.574045 -0.790073 -0.215075
vn -0.000000 -0.976594 -0.215090
vn -0.574046 -0.790075 -0.215067
vn -0.928800 -0.301782 -0.215076
vn -0.928809 0.301770 -0.215057
vn -0.928808 0.301770 -0.215057
vn -0.574047 0.790080 -0.215043
vn -0.574047 0.790080 -0.215042
vn 0.000000 0.976598 -0.215075
vn 0.574044 0.790072 -0.215083
vn 0.574044 0.790071 -0.215084
vn 0.928806 0.301769 -0.215068
vn 0.928802 -0.301783 -0.215067
vn 0.815548 0.387895 -0.429440
vn 0.497461 0.805286 -0.322563
vn 0.657493 0.753461 0.000000
vn 0.946979 0.321296 0.000212
vn -0.264531 0.942645 0.203575
vn -0.309249 0.950981 0.000000
vn -0.110316 0.925116 0.363306
vn 0.365805 0.585286 -0.723620
vn 0.165989 0.888743 -0.427298
vn 0.110322 0.925108 0.363324
vn -0.365929 0.585212 -0.723618
vn -0.165990 0.888743 -0.427297
vn 0.264546 0.942637 0.203594
vn -0.815270 0.388089 -0.429793
vn -0.497461 0.805286 -0.322564
vn 0.309257 0.950979 0.000000
vn -0.946937 0.321420 0.000051
vn -0.657494 0.753460 0.000000
vn 0.264531 0.942645 -0.203575
vn -0.815335 0.387972 0.429774
vn -0.497462 0.805293 0.322543
vn 0.110318 0.925114 -0.363311
vn -0.366071 0.585020 0.723702
vn -0.165994 0.888768 0.427244
vn -0.110318 0.925113 -0.363311
vn 0.366533 0.584895 0.723568
vn 0.165992 0.888760 0.427261
vn -0.264532 0.942645 -0.203576
vn 0.815536 0.387850 0.429503
vn 0.497460 0.805288 0.322561
vn -0.088953 0.957662 -0.273807
vn 0.134030 0.901029 0.412532
vn -0.232885 0.957672 -0.169202
vn 0.350898 0.901042 0.254939
vn -0.287861 0.957672 0.000011
vn 0.433733 0.901042 0.000000
vn -0.232883 0.957670 0.169213
vn 0.350897 0.901050 -0.254913
vn -0.088954 0.957674 0.273764
vn 0.134030 0.901050 -0.412486
vn 0.088954 0.957675 0.273764
vn -0.134029 0.901042 -0.412504
vn 0.232883 0.957672 0.169202
vn -0.350894 0.901045 -0.254934
vn 0.287861 0.957672 0.000000
vn -0.433733 0.901042 0.000000
vn 0.543019 -0.747449 0.382688
vn 0.543019 -0.747450 0.382688
vn 0.296513 -0.215432 0.930413
vn 0.113267 -0.348572 0.930413
vn 0.000000 -0.923874 0.382698
vn -0.113268 -0.348572 0.930413
vn -0.543019 -0.747449 0.382688
vn -0.296512 -0.215431 0.930414
vn -0.878675 -0.285472 0.382671
vn -0.366489 0.000001 0.930422
vn -0.878669 0.285498 0.382663
vn -0.878670 0.285498 0.382663
vn -0.296545 0.215426 0.930405
vn -0.543028 0.747461 0.382652
vn -0.113311 0.348580 0.930404
vn 0.000000 0.923896 0.382645
vn 0.113269 0.348582 0.930409
vn 0.543086 0.747428 0.382635
vn 0.543086 0.747427 0.382635
vn 0.296510 0.215431 0.930415
vn 0.878655 0.285493 0.382699
vn 0.366494 0.000000 0.930420
vn 0.878678 -0.285473 0.382662
vn -0.296514 0.215424 0.930415
vn -0.113273 0.348570 0.930413
vn -0.543020 0.747450 0.382685
vn -0.543019 0.747450 0.382685
vn 0.113275 0.348574 0.930411
vn 0.000000 0.923874 0.382698
vn 0.296519 0.215428 0.930413
vn 0.543015 0.747444 0.382705
vn 0.366492 0.000001 0.930421
vn 0.878641 0.285504 0.382725
vn 0.296516 -0.215425 0.930414
vn 0.878666 -0.285482 0.382683
vn 0.113278 -0.348586 0.930406
vn 0.543043 -0.747418 0.382715
vn -0.113256 -0.348586 0.930409
vn 0.000000 -0.923882 0.382678
vn -0.296541 -0.215426 0.930406
vn -0.543062 -0.747445 0.382635
vn -0.366535 0.000000 0.930404
vn -0.878644 -0.285505 0.382715
vn -0.878645 0.285505 0.382715
vn 0.566445 -0.392674 0.724533
vn 0.557980 -0.404460 0.724617
vn 0.415628 -0.572059 0.707108
vn 0.415628 -0.572060 0.707108
vn 0.587788 -0.809015 -0.000016
vn 0.308865 -0.951106 0.000000
vn 0.587119 -0.809501 -0.000016
vn 0.415631 -0.572063 0.707103
vn 0.415628 -0.572060 0.707107
vn -0.156431 -0.987689 0.000000
vn -0.156433 -0.987689 0.000000
vn -0.156432 -0.987689 0.000000
vn 0.000871 -1.000000 -0.000021
vn -0.000900 -1.000000 -0.000021
vn -0.308834 -0.951116 -0.000000
vn -0.050066 -0.998746 0.000000
vn -0.049844 -0.998757 0.000000
vn 0.156432 -0.987689 0.000000
vn 0.156431 -0.987689 0.000000
vn 0.156433 -0.987689 0.000000
vn -0.415635 -0.572066 0.707098
vn -0.415629 -0.572061 0.707106
vn -0.415628 -0.572061 0.707107
vn -0.415636 -0.572067 0.707097
vn 0.050141 -0.998742 0.000000
vn 0.049944 -0.998752 0.000000
vn -0.566444 0.392675 0.724533
vn -0.557985 0.404463 0.724612
vn -0.415637 0.572072 0.707093
vn -0.415628 0.572062 0.707106
vn -0.587785 0.809017 0.000000
vn -0.308864 0.951106 0.000000
vn -0.587116 0.809503 0.000000
vn -0.415625 0.572051 0.707116
vn -0.415625 0.572049 0.707118
vn -0.415626 0.572061 0.707107
vn 0.156442 0.987687 -0.000003
vn 0.156433 0.987689 0.000000
vn 0.156435 0.987688 0.000000
vn 0.156441 0.987687 0.000000
vn -0.000871 1.000000 -0.000011
vn 0.000900 1.000000 -0.000012
vn 0.308833 0.951116 0.000000
vn 0.050060 0.998746 0.000000
vn 0.049838 0.998757 0.000000
vn -0.156434 0.987688 0.000000
vn -0.156442 0.987687 -0.000003
vn -0.156442 0.987687 0.000000
vn 0.415624 0.572051 0.707117
vn 0.415628 0.572062 0.707106
vn 0.415626 0.572061 0.707108
vn 0.415625 0.572050 0.707117
vn -0.050141 0.998742 0.000000
vn -0.049944 0.998752 0.000000
vn 0.415626 -0.572062 -0.707106
vn 0.415608 -0.572079 -0.707104
vn 0.558255 -0.404075 -0.724621
vn 0.566578 -0.392488 -0.724529
vn 0.587135 -0.809489 0.000016
vn 0.308668 -0.951170 0.000000
vn 0.587804 -0.809004 0.000016
vn -0.156426 -0.987690 0.000000
vn 0.415625 -0.572065 -0.707105
vn 0.415629 -0.572059 -0.707107
vn 0.415629 -0.572064 -0.707103
vn 0.000863 -1.000000 0.000009
vn -0.000896 -1.000000 0.000010
vn -0.308627 -0.951183 0.000000
vn -0.415629 -0.572060 -0.707107
vn -0.415633 -0.572060 -0.707105
vn -0.415632 -0.572061 -0.707104
vn -0.415628 -0.572062 -0.707106
vn 0.156434 -0.987688 0.000012
vn 0.156434 -0.987688 0.000013
vn -0.415628 0.572061 -0.707107
vn -0.415627 0.572064 -0.707105
vn -0.558259 0.404068 -0.724622
vn -0.566578 0.392488 -0.724529
vn -0.587135 0.809489 0.000000
vn -0.308667 0.951170 0.000000
vn -0.587804 0.809004 0.000000
vn 0.156443 0.987687 0.000000
vn 0.156444 0.987687 0.000000
vn -0.415613 0.572048 -0.707126
vn -0.415617 0.572051 -0.707121
vn -0.000863 1.000000 0.000011
vn 0.000896 1.000000 0.000012
vn 0.308626 0.951183 0.000000
vn 0.415626 0.572060 -0.707108
vn 0.415628 0.572071 -0.707098
vn 0.415629 0.572074 -0.707095
vn 0.415626 0.572064 -0.707105
vn -0.156429 0.987689 0.000003
vn -0.156428 0.987689 0.000000
vn 0.567318 0.391444 -0.724515
vn 0.574273 0.381526 -0.724326
vn 0.689111 -0.000001 -0.724656
vn 0.689150 0.000000 -0.724618
vn 0.951060 0.309006 0.000000
vn 0.951056 0.309018 0.000000
vn 0.574298 0.381527 0.724306
vn 0.567319 0.391443 0.724515
vn 0.689152 0.000000 0.724617
vn 0.689159 0.000000 0.724610
vn 0.587786 -0.809017 0.000000
vn 0.587785 0.809017 0.000000
vn 0.587780 0.809021 0.000000
vn -0.156426 0.987690 0.000000
vn -0.587780 -0.809021 0.000000
vn 0.156426 -0.987690 0.000000
vn -0.415599 -0.572054 -0.707129
vn -0.574250 -0.381523 -0.724346
vn -0.567317 -0.391443 -0.724516
vn -0.587798 -0.809008 -0.000018
vn -0.587789 -0.809014 0.000018
vn -0.587789 -0.809014 0.000018
vn -0.415623 -0.572062 0.707109
vn -0.567319 -0.391442 0.724515
vn -0.574290 -0.381521 0.724315
vn 0.156426 0.987690 0.000000
vn -0.587780 0.809021 0.000000
vn 0.000000 0.993966 -0.109692
vn 0.264167 0.957808 -0.113220
vn -0.467258 0.880304 -0.082072
vn -0.543461 0.805964 -0.234674
vn -0.379872 0.925038 0.001634
vn -0.479780 0.871217 0.103880
vn -0.551706 0.792030 0.261362
vn 0.001314 0.995671 0.092943
vn 0.001175 0.995628 0.093404
vn 0.694470 0.717429 0.054831
vn 0.671171 0.715914 0.192343
vn 0.535040 0.842528 -0.062276
vn 0.553080 0.796411 0.244608
vn 0.689153 0.000000 -0.724616
vn 0.566445 0.392675 -0.724532
vn 0.566444 0.392674 0.724533
vn 0.567345 -0.391405 -0.724515
vn 0.567320 -0.391442 0.724515
vn -0.566446 -0.392675 -0.724532
vn -0.566445 -0.392674 0.724532
vn -0.689153 -0.000000 -0.724616
vn -0.689150 0.000000 -0.724619
vn -0.689152 0.000000 0.724617
vn -0.567344 0.391406 -0.724515
vn -0.567319 0.391443 0.724515
vn 0.842818 0.365319 -0.395221
vn 0.593180 0.464909 -0.657265
vn 0.000000 0.669077 -0.743193
vn -0.593182 0.464905 -0.657266
vn -0.842690 0.365424 -0.395397
vn -0.949749 0.313012 0.000033
vn -0.842714 0.365463 0.395309
vn -0.593176 0.464890 0.657282
vn 0.000000 0.669079 0.743191
vn 0.593182 0.464892 0.657275
vn 0.842947 0.365295 0.394969
vn 0.949735 0.313056 0.000137
vn 0.535457 0.841700 -0.069472
vn 0.831272 0.555100 0.029166
vn 0.834049 0.395913 -0.384207
vn 0.640292 0.495695 -0.586781
vn 0.245502 0.963333 -0.108253
vn 0.000000 0.669086 -0.743185
vn 0.000000 0.993966 -0.109688
vn -0.601025 0.685596 -0.410764
vn -0.689710 0.680343 -0.247859
vn -0.949653 0.313302 -0.001369
vn -0.410484 0.911860 0.003898
vn -0.691685 0.675455 0.255601
vn -0.604763 0.674026 0.424205
vn 0.000000 0.669081 0.743189
vn 0.000387 0.995379 0.096024
vn 0.604724 0.677778 0.418242
vn 0.752529 0.593935 0.284503
vn 0.587107 0.809510 0.000000
vn 0.557984 0.404465 0.724612
vn 0.415639 0.572072 0.707092
vn 0.689148 0.000000 0.724621
vn -0.415630 -0.572060 0.707106
vn -0.557980 -0.404459 0.724618
vn -0.587107 -0.809509 0.000016
vn -0.587785 -0.809017 0.000016
vn -0.689148 0.000000 0.724621
vn 0.587090 0.809522 0.000000
vn 0.587775 0.809025 0.000000
vn 0.415623 0.572035 -0.707131
vn 0.557969 0.404450 -0.724632
vn 0.951056 0.309019 0.000000
vn 0.689143 -0.000002 -0.724625
vn 0.951056 -0.309019 0.000000
vn -0.587090 -0.809522 -0.000016
vn -0.587775 -0.809025 -0.000016
vn -0.415633 -0.572047 -0.707115
vn -0.557973 -0.404451 -0.724628
vn -0.951056 -0.309019 0.000000
vn -0.689135 0.000001 -0.724633
vn -0.951056 0.309019 0.000000
vn 0.587798 0.809008 0.000000
vn 0.415645 0.572067 -0.707092
vn 0.572239 -0.384419 -0.724406
vn 0.951060 -0.309006 0.000000
vn 0.415628 0.572069 0.707100
vn 0.587786 0.809017 0.000000
vn 0.574299 -0.381527 0.724305
vn 0.415624 -0.572054 -0.707114
vn 0.415637 -0.572075 0.707090
vn -0.689109 0.000001 -0.724658
vn -0.951060 -0.309006 0.000000
vn -0.689154 0.000000 0.724615
vn -0.572235 0.384428 -0.724405
vn -0.951060 0.309006 0.000000
vn -0.951056 0.309018 0.000000
vn -0.574294 0.381525 0.724310
vn -0.415606 0.572077 -0.707107
vn -0.587787 0.809016 -0.000036
vn -0.587787 0.809016 -0.000035
vn -0.587786 0.809017 0.000000
vn -0.415628 0.572069 0.707100
vn 0.078943 -0.996879 0.000000
vn 0.415630 -0.572058 0.707108
vn -0.415623 -0.572053 0.707115
vn -0.081505 -0.996673 -0.000007
vn -0.078934 0.996880 -0.000010
vn -0.415631 0.572064 0.707102
vn 0.415615 0.572056 0.707119
vn 0.081496 0.996674 -0.000005
vn 0.078284 -0.996931 -0.000007
vn 0.415585 -0.572071 -0.707123
vn -0.078636 -0.996903 0.000011
vn -0.415642 -0.572040 -0.707115
vn -0.078282 0.996931 0.000000
vn -0.415569 0.572023 -0.707172
vn 0.078636 0.996903 0.000023
vn 0.415620 0.572037 -0.707130
vn 0.587786 -0.809016 0.000016
vn -0.156430 -0.987689 0.000000
vn 0.415616 -0.572067 -0.707109
vn 0.415623 -0.572052 0.707117
vn -0.156429 0.987689 0.000000
vn 0.587789 0.809014 -0.000033
vn 0.415645 0.572045 -0.707110
vn 0.415613 0.572037 0.707134
vn 0.587783 0.809019 -0.000033
vn 0.156429 -0.987689 0.000000
vn -0.415636 -0.572032 -0.707125
vn -0.415627 -0.572056 0.707111
vn -0.587781 -0.809020 0.000000
vn -0.587786 0.809016 0.000000
vn 0.156424 0.987690 0.000000
vn -0.415616 0.572067 -0.707109
vn 0.156425 0.987690 0.000000
vn -0.587783 0.809019 -0.000033
vn -0.415614 0.572040 0.707132
vn 0.038479 0.027955 -0.998868
vn 0.296546 0.215445 -0.930400
vn 0.366550 0.000000 -0.930398
vn 0.047563 0.000000 -0.998868
vn 0.878665 0.285489 -0.382679
vn 0.950930 0.308976 -0.016294
vn 0.950930 0.308976 0.016294
vn 0.878665 0.285489 0.382679
vn 0.296522 0.215446 0.930407
vn 0.038476 0.027955 0.998868
vn 0.047557 0.000000 0.998869
vn 0.366528 -0.000001 0.930407
vn 0.038478 0.027955 -0.998868
vn 0.296558 0.215444 -0.930396
vn 0.047560 0.000000 -0.998868
vn 0.878661 0.285488 -0.382690
vn 0.950869 0.308956 -0.019877
vn 0.950869 0.308956 0.019877
vn 0.878661 0.285488 0.382690
vn 0.296510 0.215447 0.930411
vn 0.038474 0.027955 0.998869
vn 0.047560 0.000000 0.998868
vn 0.366527 -0.000001 0.930407
vn 0.296530 0.215443 -0.930405
vn 0.047562 0.000000 -0.998868
vn 0.950860 0.308953 -0.020323
vn 0.950860 0.308953 0.020323
vn 0.296506 0.215444 0.930413
vn 0.038475 0.027955 0.998868
vn 0.047556 0.000000 0.998869
vn 0.366505 -0.000001 0.930416
vn 0.950850 0.308950 0.020847
vn 0.950850 0.308951 -0.020847
vn 0.950850 -0.308950 0.020847
vn 0.950850 -0.308950 -0.020847
vn 0.587659 -0.808840 0.020846
vn 0.587659 -0.808840 0.020845
vn 0.587659 -0.808840 -0.020846
vn 0.000000 -0.999783 0.020846
vn 0.000000 -0.999783 -0.020846
vn -0.587659 -0.808840 0.020848
vn -0.587659 -0.808840 -0.020848
vn -0.950850 -0.308950 0.020847
vn -0.950850 -0.308950 -0.020847
vn -0.950850 0.308950 0.020847
vn -0.950850 0.308950 -0.020847
vn -0.587658 0.808841 0.020849
vn -0.587658 0.808841 -0.020849
vn 0.000000 0.999783 0.020847
vn 0.000000 0.999783 -0.020847
vn 0.587658 0.808841 0.020847
vn 0.587658 0.808841 -0.020847
vn 0.950930 -0.308976 -0.016294
vn 0.950930 -0.308976 0.016294
vn 0.587709 -0.808908 -0.016296
vn 0.587709 -0.808908 0.016296
vn 0.000000 -0.999867 -0.016294
vn 0.000000 -0.999867 0.016294
vn -0.587708 -0.808909 -0.016295
vn -0.587708 -0.808909 0.016295
vn -0.950930 -0.308976 -0.016295
vn -0.950930 -0.308976 -0.016294
vn -0.950930 -0.308976 0.016294
vn -0.950930 -0.308976 0.016295
vn -0.950930 0.308976 -0.016294
vn -0.950930 0.308976 0.016294
vn -0.587707 0.808910 -0.016295
vn -0.587707 0.808910 0.016295
vn 0.000000 0.999867 -0.016294
vn 0.000000 0.999867 0.016294
vn 0.587707 0.808910 -0.016295
vn 0.587707 0.808910 0.016295
vn 0.950869 -0.308956 -0.019877
vn 0.950869 -0.308956 0.019877
vn 0.587672 -0.808855 -0.019879
vn 0.587671 -0.808856 0.019879
vn 0.000000 -0.999802 -0.019875
vn 0.000000 -0.999802 0.019875
vn -0.587672 -0.808855 -0.019879
vn -0.587671 -0.808856 -0.019879
vn -0.587671 -0.808856 0.019879
vn -0.950869 -0.308956 -0.019877
vn -0.950869 -0.308956 0.019877
vn -0.950869 0.308956 -0.019876
vn -0.950869 0.308956 0.019876
vn -0.587669 0.808857 -0.019877
vn -0.587669 0.808857 -0.019878
vn -0.587669 0.808857 0.019878
vn -0.587669 0.808857 0.019877
vn 0.000000 0.999802 -0.019876
vn 0.000000 0.999802 0.019876
vn 0.587669 0.808857 -0.019878
vn 0.587669 0.808857 -0.019877
vn 0.587669 0.808857 0.019877
vn 0.587669 0.808857 0.019878
vn 0.950860 -0.308953 -0.020323
vn 0.950860 -0.308953 0.020323
vn 0.587666 -0.808849 -0.020326
vn 0.587666 -0.808848 -0.020326
vn 0.587665 -0.808849 0.020326
vn 0.587665 -0.808849 0.020325
vn 0.000000 -0.999794 -0.020321
vn 0.000000 -0.999794 0.020321
vn -0.587665 -0.808849 -0.020326
vn -0.587665 -0.808849 -0.020325
vn -0.587665 -0.808849 0.020326
vn -0.950860 -0.308953 -0.020323
vn -0.950860 -0.308953 0.020323
vn -0.950860 0.308953 -0.020323
vn -0.950860 0.308953 0.020323
vn -0.587665 0.808849 -0.020324
vn -0.587664 0.808850 0.020324
vn 0.000000 0.999794 -0.020320
vn 0.000000 0.999794 0.020320
vn 0.587665 0.808849 -0.020324
vn 0.587664 0.808850 0.020324
vn 0.950790 0.308931 0.023674
vn 0.950790 0.308930 -0.023674
vn 0.950790 -0.308931 0.023673
vn 0.950790 -0.308930 -0.023673
vn 0.587622 -0.808789 0.023672
vn 0.587622 -0.808789 -0.023672
vn 0.000000 -0.999720 0.023672
vn 0.000000 -0.999720 -0.023672
vn -0.587622 -0.808789 0.023674
vn -0.587622 -0.808789 0.023675
vn -0.587622 -0.808789 -0.023674
vn -0.950790 -0.308931 0.023674
vn -0.950790 -0.308930 -0.023674
vn -0.950790 0.308931 0.023674
vn -0.950790 0.308930 -0.023673
vn -0.587620 0.808791 0.023676
vn -0.587620 0.808791 0.023675
vn -0.587621 0.808790 -0.023675
vn -0.587621 0.808790 -0.023676
vn 0.000000 0.999720 0.023674
vn 0.000000 0.999720 -0.023674
vn 0.587620 0.808791 0.023674
vn 0.587621 0.808790 -0.023674
vn 0.021241 0.000000 -0.999774
vn 0.017184 0.012484 -0.999774
vn 0.017184 0.012484 0.999774
vn 0.021239 0.000000 0.999774
vn 0.017184 -0.012484 -0.999774
vn 0.038479 -0.027955 -0.998868
vn 0.017180 -0.012484 0.999774
vn 0.038474 -0.027955 0.998869
vn 0.006563 -0.020200 -0.999774
vn 0.014697 -0.045232 -0.998868
vn 0.006562 -0.020200 0.999774
vn 0.014695 -0.045232 0.998868
vn -0.006564 -0.020200 -0.999774
vn -0.014698 -0.045233 -0.998868
vn -0.006563 -0.020200 0.999774
vn -0.014698 -0.045232 0.998868
vn -0.017184 -0.012484 -0.999774
vn -0.038479 -0.027956 -0.998868
vn -0.017182 -0.012484 0.999774
vn -0.038477 -0.027955 0.998868
vn -0.021241 -0.000000 -0.999774
vn -0.047563 0.000000 -0.998868
vn -0.021236 0.000000 0.999775
vn -0.047559 0.000000 0.998868
vn -0.017184 0.012484 -0.999774
vn -0.038479 0.027955 -0.998868
vn -0.017180 0.012484 0.999775
vn -0.038476 0.027955 0.998868
vn -0.006563 0.020200 -0.999774
vn -0.014697 0.045233 -0.998868
vn -0.006562 0.020200 0.999774
vn -0.014697 0.045232 0.998868
vn 0.006564 0.020200 -0.999774
vn 0.014697 0.045233 -0.998868
vn 0.006563 0.020200 0.999774
vn 0.014698 0.045233 0.998868
vn 0.021237 0.000000 -0.999775
vn 0.017180 0.012484 -0.999775
vn 0.021242 0.000000 0.999774
vn 0.017183 -0.012484 -0.999774
vn 0.017183 -0.012484 0.999774
vn 0.038479 -0.027955 0.998868
vn 0.006564 -0.020200 -0.999774
vn 0.014698 -0.045232 -0.998868
vn 0.006563 -0.020200 0.999774
vn 0.014697 -0.045232 0.998868
vn -0.006562 -0.020200 -0.999774
vn -0.014697 -0.045233 -0.998868
vn -0.017181 -0.012484 -0.999775
vn -0.038478 -0.027956 -0.998868
vn -0.017182 -0.012484 0.999774
vn -0.038478 -0.027955 0.998868
vn -0.021238 0.000000 -0.999774
vn -0.021240 0.000000 0.999774
vn -0.047562 0.000000 0.998868
vn -0.017182 0.012484 -0.999774
vn -0.038481 0.027955 -0.998868
vn -0.017183 0.012484 0.999774
vn -0.014699 0.045233 -0.998868
vn -0.006563 0.020200 0.999774
vn -0.014695 0.045233 0.998868
vn 0.006562 0.020200 -0.999774
vn 0.014699 0.045233 -0.998868
vn 0.014695 0.045233 0.998868
vn 0.021240 0.000000 -0.999774
vn 0.017185 0.012484 -0.999774
vn 0.017185 0.012484 0.999774
vn 0.021241 0.000000 0.999774
vn 0.017183 -0.012484 -0.999774
vn 0.038478 -0.027955 -0.998868
vn 0.017184 -0.012484 0.999774
vn 0.038476 -0.027955 0.998868
vn 0.006564 -0.020200 0.999774
vn 0.014698 -0.045232 0.998868
vn -0.014696 -0.045233 -0.998868
vn -0.006564 -0.020200 0.999774
vn -0.014697 -0.045232 0.998868
vn -0.017183 -0.012484 -0.999774
vn -0.017185 -0.012484 0.999774
vn -0.038475 -0.027955 0.998868
vn -0.021240 0.000000 -0.999774
vn -0.047562 0.000000 -0.998868
vn -0.021241 0.000000 0.999774
vn -0.047556 0.000000 0.998869
vn -0.017183 0.012484 -0.999774
vn -0.038476 0.027955 -0.998868
vn -0.017184 0.012484 0.999774
vn -0.038474 0.027955 0.998869
vn -0.006564 0.020200 -0.999774
vn -0.014696 0.045232 -0.998868
vn 0.006565 0.020200 -0.999774
vn 0.014697 0.045232 -0.998868
vn 0.006565 0.020200 0.999774
vn 0.014697 0.045232 0.998868
vn 0.950993 0.308997 0.011579
vn 0.950993 -0.308996 0.011579
vn 0.587747 -0.808962 0.011571
vn 0.000000 -0.999933 0.011567
vn -0.587747 -0.808962 0.011575
vn -0.950993 -0.308996 0.011579
vn -0.950993 0.308996 0.011579
vn -0.587746 0.808963 0.011573
vn 0.000000 0.999933 0.011568
vn 0.587746 0.808962 0.011575
vn 0.543043 0.747426 0.382700
vn 0.296537 0.215446 0.930403
vn 0.113258 0.348598 0.930404
vn 0.366554 0.000000 0.930397
vn 0.878660 0.285486 0.382694
vn 0.296534 -0.215443 0.930404
vn 0.878662 -0.285487 0.382687
vn 0.113256 -0.348591 0.930407
vn 0.543049 -0.747434 0.382676
vn -0.113257 -0.348591 0.930407
vn 0.000000 -0.923882 0.382677
vn -0.296535 -0.215444 0.930404
vn -0.543040 -0.747421 0.382713
vn -0.366556 0.000000 0.930396
vn -0.878660 -0.285486 0.382694
vn -0.296537 0.215445 0.930403
vn -0.878660 0.285486 0.382694
vn -0.878660 0.285486 0.382693
vn -0.113258 0.348598 0.930404
vn -0.543037 0.747417 0.382725
vn 0.000000 0.923872 0.382702
vn 0.878660 0.285486 -0.382694
vn 0.296550 0.215444 -0.930399
vn 0.366554 0.000001 -0.930397
vn 0.878662 -0.285487 -0.382687
vn 0.296547 -0.215442 -0.930400
vn 0.543049 -0.747434 -0.382676
vn 0.113271 -0.348591 -0.930405
vn 0.000000 -0.923882 -0.382677
vn -0.113271 -0.348590 -0.930406
vn -0.543040 -0.747421 -0.382713
vn -0.296547 -0.215443 -0.930400
vn -0.878660 -0.285486 -0.382694
vn -0.366554 -0.000000 -0.930397
vn -0.878660 0.285486 -0.382694
vn -0.878660 0.285486 -0.382693
vn -0.296550 0.215445 -0.930399
vn -0.543037 0.747417 -0.382725
vn -0.113273 0.348598 -0.930402
vn 0.000000 0.923872 -0.382702
vn 0.113273 0.348598 -0.930402
vn 0.543043 0.747426 -0.382700
vn 0.878647 0.285501 -0.382713
vn 0.296537 0.215445 -0.930403
vn 0.366529 0.000000 -0.930407
vn 0.296521 -0.215443 -0.930408
vn 0.113270 -0.348591 -0.930405
vn -0.113257 -0.348591 -0.930407
vn -0.296507 -0.215445 -0.930412
vn -0.366504 0.000001 -0.930416
vn -0.296511 0.215447 -0.930411
vn -0.113258 0.348598 -0.930404
vn 0.113258 0.348598 -0.930404
vn 0.296550 0.215445 0.930399
vn 0.878647 0.285501 0.382713
vn 0.543029 -0.747445 0.382682
vn 0.543029 -0.747445 0.382682
vn -0.543019 -0.747433 0.382719
vn -0.296550 0.215444 0.930399
vn -0.113272 0.348598 0.930403
vn 0.113272 0.348598 0.930403
vn 0.950700 0.308901 -0.027377
vn 0.950700 -0.308900 -0.027376
vn 0.587567 -0.808713 -0.027375
vn 0.113271 -0.348591 -0.930405
vn 0.000000 -0.999625 -0.027375
vn -0.587567 -0.808713 -0.027378
vn -0.543040 -0.747422 -0.382713
vn -0.296547 -0.215442 -0.930400
vn -0.950700 -0.308901 -0.027377
vn -0.950700 0.308901 -0.027377
vn -0.296550 0.215444 -0.930399
vn -0.587565 0.808714 -0.027381
vn -0.113272 0.348598 -0.930403
vn 0.000000 0.999625 -0.027379
vn 0.113272 0.348598 -0.930403
vn 0.587567 0.808713 -0.027377
vn 0.543022 0.747437 0.382706
vn 0.543023 0.747437 0.382706
vn 0.296550 0.215444 0.930399
vn 0.878649 -0.285502 0.382707
vn -0.878647 -0.285501 0.382713
vn -0.296551 0.215444 0.930399
vn -0.878647 0.285501 0.382713
vn -0.543017 0.747429 0.382731
vn 0.296545 -0.215444 -0.930400
vn 0.878661 -0.285488 -0.382690
vn 0.878661 -0.285488 0.382690
vn 0.296534 -0.215444 0.930404
vn 0.113270 -0.348593 -0.930405
vn 0.543036 -0.747416 -0.382729
vn 0.543036 -0.747416 0.382729
vn 0.113256 -0.348594 0.930406
vn -0.113270 -0.348591 -0.930405
vn 0.000000 -0.923879 -0.382685
vn 0.000000 -0.923879 0.382685
vn -0.113268 -0.348589 0.930407
vn -0.296543 -0.215444 -0.930401
vn -0.543041 -0.747424 -0.382706
vn -0.543041 -0.747424 0.382706
vn -0.296543 -0.215441 0.930402
vn -0.366550 0.000000 -0.930398
vn -0.878661 -0.285488 -0.382690
vn -0.878661 -0.285488 0.382690
vn -0.366551 0.000000 0.930398
vn -0.296543 0.215442 -0.930401
vn -0.878665 0.285489 -0.382679
vn -0.878665 0.285489 0.382679
vn -0.296543 0.215441 0.930402
vn -0.113268 0.348589 -0.930407
vn -0.543023 0.747434 -0.382712
vn -0.543023 0.747434 0.382712
vn -0.113268 0.348589 0.930407
vn 0.113269 0.348593 -0.930405
vn 0.000000 0.923879 -0.382685
vn 0.000000 0.923879 0.382685
vn 0.113269 0.348593 0.930405
vn 0.543023 0.747434 -0.382712
vn 0.543022 0.747435 -0.382712
vn 0.543022 0.747435 0.382712
vn 0.878649 -0.285501 -0.382707
vn 0.878649 -0.285501 0.382707
vn 0.296546 -0.215443 0.930400
vn 0.543017 -0.747427 0.382734
vn 0.113269 -0.348593 0.930405
vn -0.113271 -0.348595 -0.930404
vn 0.000000 -0.923888 -0.382663
vn 0.000000 -0.923888 0.382663
vn -0.113269 -0.348593 0.930405
vn -0.296546 -0.215446 -0.930400
vn -0.543036 -0.747416 -0.382729
vn -0.543017 -0.747427 0.382734
vn -0.296546 -0.215444 0.930400
vn -0.878649 -0.285501 -0.382707
vn -0.878649 -0.285501 0.382707
vn -0.296558 0.215444 -0.930396
vn -0.878654 0.285502 -0.382696
vn -0.878654 0.285502 -0.382696
vn -0.878654 0.285502 0.382696
vn -0.296534 0.215445 0.930404
vn -0.113285 0.348601 -0.930400
vn -0.543022 0.747435 -0.382712
vn -0.543022 0.747435 0.382712
vn -0.113259 0.348602 0.930403
vn 0.113285 0.348601 -0.930400
vn 0.113259 0.348602 0.930403
vn 0.296544 -0.215442 -0.930401
vn 0.296521 -0.215445 0.930408
vn 0.113267 -0.348587 -0.930407
vn 0.543036 -0.747416 -0.382728
vn 0.113268 -0.348589 0.930407
vn -0.113255 -0.348589 0.930408
vn -0.296547 -0.215446 -0.930399
vn -0.543036 -0.747416 0.382729
vn -0.296509 -0.215446 0.930411
vn -0.366551 0.000000 -0.930398
vn -0.366505 0.000001 0.930416
vn -0.296534 0.215445 -0.930404
vn -0.878661 0.285488 -0.382690
vn -0.878661 0.285488 0.382690
vn -0.296511 0.215446 0.930411
vn -0.113254 0.348585 -0.930410
vn -0.543059 0.747414 -0.382701
vn -0.543041 0.747424 0.382706
vn -0.113254 0.348585 0.930410
vn 0.113253 0.348581 -0.930411
vn 0.000000 0.923897 -0.382641
vn 0.000000 0.923897 0.382641
vn 0.113252 0.348581 0.930411
vn 0.543059 0.747414 -0.382701
vn 0.543041 0.747424 0.382706
vn -0.587740 0.808955 -0.012401
vn -0.543049 0.747430 -0.382683
vn -0.113266 0.348569 -0.930414
vn -0.003579 0.011014 -0.999933
vn -0.004302 0.003126 -0.999986
vn -0.296506 0.215429 -0.930416
vn 0.202699 0.623842 0.754808
vn 0.530672 0.385555 0.754808
vn 0.534177 0.388100 0.751021
vn 0.204038 0.627959 0.751023
vn -0.530672 0.385555 0.754808
vn -0.202699 0.623841 0.754808
vn -0.204037 0.627960 0.751023
vn -0.534177 0.388101 0.751021
vn -0.655946 0.000000 0.754808
vn -0.660278 0.000000 0.751021
vn -0.530672 -0.385555 0.754808
vn -0.534176 -0.388101 0.751022
vn -0.202700 -0.623841 0.754808
vn -0.204037 -0.627960 0.751023
vn 0.202700 -0.623841 0.754808
vn 0.204038 -0.627959 0.751023
vn 0.530672 -0.385555 0.754807
vn 0.534176 -0.388100 0.751023
vn 0.655946 0.000000 0.754808
vn 0.660277 0.000000 0.751022
vn 0.587782 0.809014 0.002760
vn 0.587777 0.809007 -0.005170
vn -0.587783 0.809014 0.002762
vn -0.587777 0.809007 -0.005170
vn -0.951053 0.309016 0.002761
vn -0.951044 0.309013 -0.005170
vn -0.951053 -0.309016 0.002761
vn -0.951044 -0.309013 -0.005170
vn -0.587784 -0.809013 0.002760
vn -0.587779 -0.809005 -0.005169
vn 0.000000 -0.999996 0.002761
vn 0.000000 -0.999987 -0.005170
vn 0.587785 -0.809013 0.002760
vn 0.587779 -0.809005 -0.005169
vn 0.951053 -0.309016 0.002760
vn 0.951044 -0.309013 -0.005170
vn 0.951053 0.309016 0.002760
vn 0.951044 0.309013 -0.005169
vn 0.000000 0.999996 0.002761
vn 0.000000 0.999987 -0.005169
vn 0.007335 0.022574 -0.999718
vn 0.019202 0.013951 -0.999718
vn -0.007452 -0.005414 -0.999958
vn -0.002847 -0.008760 -0.999958
vn -0.019202 0.013951 -0.999718
vn -0.007335 0.022574 -0.999718
vn 0.002847 -0.008760 -0.999958
vn 0.007451 -0.005414 -0.999958
vn -0.023734 -0.000000 -0.999718
vn 0.009210 0.000000 -0.999958
vn -0.019202 -0.013951 -0.999718
vn 0.007452 0.005414 -0.999958
vn -0.007335 -0.022573 -0.999718
vn 0.002847 0.008760 -0.999958
vn 0.007335 -0.022573 -0.999718
vn -0.002847 0.008760 -0.999958
vn 0.019202 -0.013951 -0.999718
vn -0.007451 0.005414 -0.999958
vn 0.023734 0.000000 -0.999718
vn -0.009210 0.000000 -0.999958
vn -0.587741 -0.808956 -0.012304
vn -0.587741 -0.808955 -0.012304
vn -0.587753 -0.808972 -0.010517
vn 0.587741 -0.808955 -0.012304
vn 0.587753 -0.808972 -0.010516
vn 0.950984 -0.308994 -0.012305
vn 0.951004 -0.309000 -0.010517
vn 0.950984 0.308994 -0.012304
vn 0.951003 0.309001 -0.010517
vn 0.587742 0.808955 -0.012304
vn 0.587754 0.808971 -0.010517
vn 0.000000 0.999924 -0.012304
vn 0.000000 0.999945 -0.010516
vn -0.587743 0.808954 -0.012304
vn -0.587755 0.808971 -0.010517
vn -0.950984 0.308994 -0.012304
vn -0.951004 0.309000 -0.010517
vn -0.950984 -0.308994 -0.012305
vn -0.951004 -0.309000 -0.010517
vn 0.000000 -0.999924 -0.012305
vn 0.000000 -0.999945 -0.010516
vn -0.005215 -0.016049 -0.999857
vn -0.013652 -0.009919 -0.999858
vn 0.004127 0.002999 -0.999987
vn 0.001576 0.004852 -0.999987
vn 0.013652 -0.009919 -0.999858
vn 0.005215 -0.016049 -0.999857
vn -0.001577 0.004852 -0.999987
vn -0.004128 0.002999 -0.999987
vn 0.016875 0.000000 -0.999857
vn -0.005102 -0.000000 -0.999987
vn 0.013651 0.009919 -0.999858
vn -0.004129 -0.002999 -0.999987
vn 0.005214 0.016049 -0.999858
vn -0.001578 -0.004852 -0.999987
vn -0.005214 0.016049 -0.999858
vn 0.001577 -0.004852 -0.999987
vn -0.013652 0.009919 -0.999858
vn 0.004127 -0.002999 -0.999987
vn -0.016876 0.000000 -0.999857
vn 0.005101 0.000000 -0.999987
vn 0.587722 0.808933 -0.014527
vn 0.587740 0.808955 -0.012400
vn -0.587722 0.808932 -0.014526
vn -0.587722 0.808933 -0.014526
vn -0.950956 0.308985 -0.014527
vn -0.950984 0.308993 -0.012400
vn -0.950983 0.308993 -0.012400
vn -0.950956 -0.308985 -0.014526
vn -0.950983 -0.308994 -0.012400
vn -0.587725 -0.808931 -0.014526
vn -0.587740 -0.808955 -0.012400
vn 0.000000 -0.999894 -0.014525
vn 0.000000 -0.999923 -0.012401
vn 0.587725 -0.808931 -0.014526
vn 0.587740 -0.808955 -0.012400
vn 0.950956 -0.308985 -0.014526
vn 0.950983 -0.308993 -0.012401
vn 0.950956 0.308985 -0.014526
vn 0.950983 0.308994 -0.012401
vn 0.000000 0.999894 -0.014525
vn 0.000000 0.999923 -0.012401
vn 0.003579 0.011014 -0.999933
vn 0.004302 0.003126 -0.999986
vn 0.004505 0.000000 -0.999990
vn -0.004505 0.000000 -0.999990
vn 0.004302 -0.003126 -0.999986
vn -0.004302 -0.003126 -0.999986
vn 0.003579 -0.011014 -0.999933
vn -0.003579 -0.011015 -0.999933
vn 0.587739 0.808950 0.012786
vn -0.587737 0.808951 0.012786
vn -0.950979 0.308991 0.012786
vn -0.950979 -0.308992 0.012787
vn -0.587739 -0.808950 0.012785
vn 0.000000 -0.999918 0.012784
vn 0.587739 -0.808950 0.012785
vn 0.950979 -0.308992 0.012785
vn 0.950979 0.308992 0.012787
vn 0.000000 0.999918 0.012782
vn 0.726772 0.528024 0.439310
vn 0.898341 0.000000 0.439298
vn 0.277606 0.854374 0.439295
vn -0.277616 0.854372 0.439293
vn -0.726778 0.528022 0.439303
vn -0.898342 0.000001 0.439298
vn -0.726782 -0.528025 0.439292
vn -0.277617 -0.854369 0.439298
vn 0.277609 -0.854373 0.439295
vn 0.726781 -0.528030 0.439288
vn 0.739207 0.537067 0.406365
vn 0.282344 0.868982 0.406388
vn -0.282347 0.868982 0.406386
vn -0.739207 0.537068 0.406364
vn -0.913714 0.000001 0.406357
vn -0.739209 -0.537070 0.406356
vn -0.282347 -0.868992 0.406365
vn 0.282353 -0.868988 0.406370
vn 0.739213 -0.537064 0.406357
vn 0.913716 0.000000 0.406353
vn 0.543027 0.747448 -0.382680
vn 0.296498 0.215428 -0.930419
vn 0.113268 0.348574 -0.930412
vn 0.000000 0.923892 -0.382652
vn -0.113268 0.348574 -0.930412
vn -0.543027 0.747448 -0.382680
vn -0.296498 0.215427 -0.930419
vn -0.878673 0.285487 -0.382663
vn -0.366471 -0.000000 -0.930429
vn -0.878668 -0.285486 -0.382675
vn -0.296500 -0.215429 -0.930418
vn -0.543032 -0.747455 -0.382657
vn -0.113268 -0.348569 -0.930414
vn 0.000000 -0.923864 -0.382721
vn 0.113268 -0.348569 -0.930414
vn 0.543032 -0.747455 -0.382657
vn 0.296499 -0.215428 -0.930419
vn 0.878675 -0.285488 -0.382658
vn 0.366470 0.000000 -0.930430
vn 0.878677 0.285489 -0.382652
vn -0.296520 -0.215432 -0.930411
vn -0.113256 -0.348584 -0.930410
vn -0.543058 -0.747426 -0.382678
vn 0.113257 -0.348584 -0.930410
vn 0.000000 -0.923880 -0.382683
vn 0.296520 -0.215433 -0.930411
vn 0.543058 -0.747426 -0.382678
vn 0.366524 0.000000 -0.930408
vn 0.878657 -0.285500 -0.382691
vn 0.878657 -0.285500 -0.382690
vn 0.296515 0.215429 -0.930413
vn 0.878659 0.285502 -0.382683
vn 0.113251 0.348567 -0.930417
vn 0.543061 0.747431 -0.382664
vn -0.113250 0.348565 -0.930418
vn 0.000000 0.923892 -0.382654
vn -0.296516 0.215428 -0.930413
vn -0.543061 0.747431 -0.382664
vn -0.366527 0.000000 -0.930407
vn -0.878660 0.285501 -0.382683
vn -0.878659 0.285501 -0.382683
vn -0.878657 -0.285500 -0.382690
vn -0.543058 -0.747428 -0.382674
vn -0.296504 -0.215431 -0.930416
vn -0.113249 -0.348567 -0.930417
vn 0.000000 -0.923894 -0.382649
vn 0.113268 -0.348572 -0.930413
vn 0.543065 -0.747438 -0.382645
vn 0.296525 -0.215433 -0.930409
vn 0.878654 -0.285502 -0.382696
vn 0.366508 0.000001 -0.930415
vn 0.878657 0.285503 -0.382688
vn 0.296520 0.215429 -0.930412
vn 0.543061 0.747433 -0.382659
vn 0.113267 0.348572 -0.930413
vn 0.000000 0.923894 -0.382649
vn -0.113249 0.348573 -0.930415
vn -0.543061 0.747433 -0.382659
vn -0.296506 0.215431 -0.930416
vn -0.878657 0.285504 -0.382688
vn -0.366510 0.000001 -0.930414
vn -0.878654 -0.285502 -0.382696
vn 0.296525 0.215428 -0.930411
vn 0.113267 0.348571 -0.930413
vn 0.543012 0.747448 -0.382701
vn 0.543011 0.747448 -0.382701
vn -0.113270 0.348575 -0.930412
vn 0.000000 0.923895 -0.382647
vn -0.296552 0.215430 -0.930401
vn -0.543017 0.747456 -0.382678
vn -0.366540 -0.000000 -0.930402
vn -0.878651 0.285501 -0.382703
vn -0.296498 -0.215429 -0.930419
vn -0.878668 -0.285490 -0.382673
vn -0.113241 -0.348563 -0.930420
vn -0.543055 -0.747434 -0.382667
vn 0.113242 -0.348567 -0.930418
vn 0.000000 -0.923895 -0.382647
vn 0.296525 -0.215428 -0.930411
vn 0.543055 -0.747434 -0.382667
vn 0.366538 -0.000001 -0.930403
vn 0.878660 -0.285504 -0.382680
vn 0.878668 0.285489 -0.382674
vn 0.543054 0.747438 -0.382660
vn 0.296507 0.215428 -0.930416
vn 0.113266 0.348569 -0.930414
vn 0.000000 0.923879 -0.382684
vn -0.878668 0.285494 -0.382670
vn -0.366487 0.000000 -0.930423
vn -0.878668 -0.285494 -0.382670
vn -0.296508 -0.215431 -0.930415
vn -0.543016 -0.747460 -0.382671
vn -0.113267 -0.348569 -0.930414
vn 0.113264 -0.348565 -0.930416
vn 0.543016 -0.747460 -0.382671
vn 0.296505 -0.215427 -0.930417
vn 0.878663 -0.285493 -0.382682
vn 0.366487 0.000000 -0.930423
vn 0.878663 0.285492 -0.382682
vn 0.878663 0.285493 -0.382682

# Mesh
g pCone2
usemtl initialShadingGroup
f 4/4/2 1/1/1 2/2/1
f 2/2/1 3/3/2 4/4/2
f 6/6/4 5/5/3 1/1/3
f 1/1/3 4/4/4 6/6/4
f 8/8/5 7/7/5 5/5/5
f 5/5/5 6/6/5 8/8/5
f 10/10/6 9/9/6 7/7/6
f 7/7/6 8/8/6 10/10/6
f 12/12/7 11/11/7 9/9/7
f 9/9/7 10/10/7 12/12/7
f 14/14/9 13/13/8 11/11/8
f 11/11/8 12/12/9 14/14/9
f 16/16/11 15/15/10 13/13/10
f 13/13/10 14/14/11 16/16/11
f 16/16/15 17/17/12 18/18/13
f 18/18/13 15/15/14 16/16/15
f 3/3/19 2/2/16 19/19/17
f 19/19/17 20/20/18 3/3/19
f 24/24/2 21/21/2 22/22/2
f 22/22/2 23/23/2 24/24/2
f 26/26/4 25/25/4 21/21/4
f 21/21/4 24/24/4 26/26/4
f 28/28/5 27/27/5 25/25/5
f 25/25/5 26/26/5 28/28/5
f 30/30/6 29/29/6 27/27/6
f 27/27/6 28/28/6 30/30/6
f 32/32/7 31/31/7 29/29/7
f 29/29/7 30/30/7 32/32/7
f 34/34/8 33/33/9 31/31/9
f 31/31/9 32/32/8 34/34/8
f 36/36/10 35/35/10 33/33/10
f 33/33/10 34/34/10 36/36/10
f 38/38/22 37/37/20 35/35/21
f 35/35/21 36/36/22 38/38/22
f 23/23/25 22/22/23 39/39/24
f 39/39/24 40/40/25 23/23/25
f 44/44/2 41/41/2 42/42/2
f 42/42/2 43/43/2 44/44/2
f 46/46/4 45/45/4 41/41/4
f 41/41/4 44/44/4 46/46/4
f 48/48/5 47/47/5 45/45/5
f 45/45/5 46/46/5 48/48/5
f 50/50/6 49/49/6 47/47/6
f 47/47/6 48/48/6 50/50/6
f 52/52/7 51/51/7 49/49/7
f 49/49/7 50/50/26 52/52/7
f 54/54/9 53/53/9 51/51/9
f 51/51/9 52/52/9 54/54/9
f 56/56/10 55/55/11 53/53/11
f 53/53/11 54/54/10 56/56/10
f 58/58/30 57/57/27 55/55/28
f 55/55/28 56/56/29 58/58/30
f 43/43/34 42/42/31 59/59/32
f 59/59/32 60/60/33 43/43/34
f 21/21/2 44/44/2 43/43/2
f 43/43/2 22/22/2 21/21/2
f 25/25/4 46/46/4 44/44/4
f 44/44/4 21/21/4 25/25/4
f 27/27/5 48/48/5 46/46/5
f 46/46/5 25/25/5 27/27/5
f 29/29/6 50/50/6 48/48/6
f 48/48/6 27/27/6 29/29/6
f 31/31/7 52/52/7 50/50/26
f 50/50/26 29/29/7 31/31/7
f 33/33/9 54/54/9 52/52/9
f 52/52/9 31/31/9 33/33/9
f 35/35/10 56/56/10 54/54/10
f 54/54/10 33/33/10 35/35/10
f 35/35/21 37/37/20 58/58/30
f 58/58/30 56/56/29 35/35/21
f 22/22/23 43/43/34 60/60/33
f 60/60/33 39/39/24 22/22/23
f 41/41/2 4/4/2 3/3/2
f 3/3/2 42/42/2 41/41/2
f 45/45/4 6/6/4 4/4/4
f 4/4/4 41/41/4 45/45/4
f 47/47/5 8/8/5 6/6/5
f 6/6/5 45/45/5 47/47/5
f 49/49/6 10/10/6 8/8/6
f 8/8/6 47/47/6 49/49/6
f 51/51/7 12/12/7 10/10/7
f 10/10/7 49/49/7 51/51/7
f 53/53/9 14/14/9 12/12/9
f 12/12/9 51/51/9 53/53/9
f 55/55/11 16/16/11 14/14/11
f 14/14/11 53/53/11 55/55/11
f 57/57/27 17/17/12 16/16/15
f 16/16/15 55/55/28 57/57/27
f 42/42/31 3/3/19 20/20/18
f 20/20/18 59/59/32 42/42/31
f 40/40/37 39/39/35 37/37/36
f 37/37/36 38/38/37 40/40/37
f 64/64/40 61/61/38 62/62/39
f 62/62/39 63/63/40 64/64/40
f 63/63/42 62/62/39 65/65/41
f 65/65/41 66/66/42 63/63/42
f 66/66/44 65/65/41 67/67/43
f 67/67/43 68/68/44 66/66/44
f 68/68/46 67/67/43 69/69/45
f 69/69/45 70/70/46 68/68/46
f 70/70/48 69/69/45 71/71/47
f 71/71/47 72/72/48 70/70/48
f 72/72/50 71/71/47 73/73/49
f 73/73/49 74/74/50 72/72/50
f 74/74/52 73/73/49 75/75/51
f 75/75/51 76/76/52 74/74/52
f 76/76/54 75/75/51 77/77/53
f 77/77/53 78/78/54 76/76/54
f 78/78/56 77/77/53 79/79/55
f 79/79/55 80/80/56 78/78/56
f 80/80/57 79/79/55 61/61/38
f 61/61/38 64/64/57 80/80/57
f 74/74/58 76/76/58 78/78/58
f 78/78/58 72/72/58 74/74/58
f 72/72/37 78/78/37 80/80/37
f 80/80/37 70/70/37 72/72/37
f 70/70/37 80/80/37 64/64/37
f 64/64/37 68/68/37 70/70/37
f 68/68/37 64/64/37 63/63/37
f 63/63/37 66/66/37 68/68/37
f 1/1/1 81/81/2 82/82/2
f 82/82/2 2/2/1 1/1/1
f 5/5/3 83/83/4 81/81/4
f 81/81/4 1/1/3 5/5/3
f 7/7/5 84/84/5 83/83/5
f 83/83/5 5/5/5 7/7/5
f 9/9/6 85/85/6 84/84/6
f 84/84/6 7/7/6 9/9/6
f 11/11/7 86/86/26 85/85/26
f 85/85/26 9/9/7 11/11/7
f 13/13/8 87/87/9 86/86/9
f 86/86/9 11/11/8 13/13/8
f 15/15/10 88/88/11 87/87/11
f 87/87/11 13/13/10 15/15/10
f 18/18/13 89/89/59 88/88/60
f 88/88/60 15/15/14 18/18/13
f 19/19/17 90/90/37 89/89/37
f 89/89/37 18/18/61 19/19/17
f 2/2/16 82/82/62 90/90/63
f 90/90/63 19/19/17 2/2/16
f 36/94/66 91/91/64 92/92/65
f 92/92/65 38/93/66 36/94/66
f 34/96/69 93/95/67 91/91/68
f 91/91/68 36/94/69 34/96/69
f 32/98/72 94/97/70 93/95/71
f 93/95/71 34/96/72 32/98/72
f 30/100/75 95/99/73 94/97/74
f 94/97/74 32/98/75 30/100/75
f 28/102/77 96/101/76 95/99/76
f 95/99/76 30/100/77 28/102/77
f 26/104/80 97/103/78 96/101/79
f 96/101/79 28/102/80 26/104/80
f 24/106/83 98/105/81 97/103/82
f 97/103/82 26/104/83 24/106/83
f 23/108/86 99/107/84 98/105/85
f 98/105/85 24/106/86 23/108/86
f 40/110/89 100/109/87 99/107/88
f 99/107/88 23/108/89 40/110/89
f 38/93/91 92/92/90 100/109/90
f 100/109/90 40/110/91 38/93/91
f 104/114/93 101/111/92 102/112/92
f 102/112/92 103/113/93 104/114/93
f 106/116/95 105/115/94 101/111/94
f 101/111/94 104/114/95 106/116/95
f 108/118/97 107/117/96 105/115/96
f 105/115/96 106/116/97 108/118/97
f 110/120/99 109/119/98 107/117/98
f 107/117/98 108/118/99 110/120/99
f 112/122/101 111/121/100 109/119/100
f 109/119/100 110/120/101 112/122/101
f 114/124/103 113/123/102 111/121/102
f 111/121/102 112/122/103 114/124/103
f 116/126/105 115/125/104 113/123/104
f 113/123/104 114/124/105 116/126/105
f 118/128/107 117/127/106 115/125/106
f 115/125/106 116/126/107 118/128/107
f 120/130/109 119/129/108 117/127/108
f 117/127/108 118/128/109 120/130/109
f 103/113/111 102/112/110 119/129/110
f 119/129/110 120/130/111 103/113/111
f 106/116/112 104/114/112 103/113/112
f 103/113/112 108/118/112 106/116/112
f 108/118/112 103/113/112 120/130/112
f 120/130/112 110/120/112 108/118/112
f 110/120/112 120/130/112 118/128/112
f 118/128/112 112/122/112 110/120/112
f 112/122/112 118/128/112 116/126/112
f 116/126/112 114/124/112 112/122/112
f 124/134/116 121/131/113 122/132/114
f 122/132/114 123/133/115 124/134/116
f 123/138/120 122/135/117 125/136/118
f 125/136/118 126/137/119 123/138/120
f 97/103/78 127/139/121 128/140/121
f 128/140/121 96/101/79 97/103/78
f 96/101/76 128/140/122 129/141/122
f 129/141/122 95/99/76 96/101/76
f 95/99/73 129/141/123 130/142/123
f 130/142/123 94/97/74 95/99/73
f 94/97/70 130/142/124 131/143/124
f 131/143/124 93/95/71 94/97/70
f 93/95/67 131/143/125 132/144/125
f 132/144/125 91/91/68 93/95/67
f 91/91/64 132/144/126 133/145/126
f 133/145/126 92/92/65 91/91/64
f 92/92/90 133/145/127 134/146/127
f 134/146/127 100/109/90 92/92/90
f 100/109/87 134/146/128 135/147/128
f 135/147/128 99/107/88 100/109/87
f 99/107/84 135/147/129 136/148/129
f 136/148/129 98/105/85 99/107/84
f 98/105/81 136/148/130 127/139/130
f 127/139/130 97/103/82 98/105/81
f 61/61/38 121/131/113 124/134/116
f 124/134/116 62/62/39 61/61/38
f 62/62/39 124/134/116 137/149/131
f 137/149/131 65/65/41 62/62/39
f 65/65/41 137/149/131 138/150/132
f 138/150/132 67/67/43 65/65/41
f 67/67/43 138/150/132 139/151/133
f 139/151/133 69/69/45 67/67/43
f 69/69/45 139/151/133 140/152/134
f 140/152/134 71/71/47 69/69/45
f 71/71/47 140/152/134 141/153/135
f 141/153/135 73/73/49 71/71/47
f 73/73/49 141/153/135 142/154/136
f 142/154/136 75/75/51 73/73/49
f 75/75/51 142/154/136 143/155/137
f 143/155/137 77/77/53 75/75/51
f 77/77/53 143/155/137 144/156/138
f 144/156/138 79/79/55 77/77/53
f 79/79/55 144/156/138 121/131/113
f 121/131/113 61/61/38 79/79/55
f 125/136/118 145/157/139 146/158/140
f 146/158/140 126/137/119 125/136/118
f 126/137/119 146/158/140 147/159/141
f 147/159/141 148/160/142 126/137/119
f 148/160/142 147/159/141 149/161/143
f 149/161/143 150/162/144 148/160/142
f 150/162/144 149/161/143 151/163/145
f 151/163/145 152/164/146 150/162/144
f 152/164/146 151/163/145 153/165/147
f 153/165/147 154/166/148 152/164/146
f 154/166/148 153/165/147 155/167/149
f 155/167/149 156/168/150 154/166/148
f 156/168/150 155/167/149 157/169/151
f 157/169/151 158/170/152 156/168/150
f 158/170/152 157/169/151 159/171/153
f 159/171/153 160/172/154 158/170/152
f 160/172/154 159/171/153 161/173/155
f 161/173/155 162/174/156 160/172/154
f 162/174/156 161/173/155 145/157/139
f 145/157/139 125/136/118 162/174/156
f 166/178/159 163/175/157 164/176/158
f 164/176/158 165/177/159 166/178/159
f 168/180/161 167/179/160 163/175/160
f 163/175/160 166/178/161 168/180/161
f 170/182/163 169/181/162 167/179/162
f 167/179/162 168/180/163 170/182/163
f 172/184/165 171/183/164 169/181/164
f 169/181/164 170/182/165 172/184/165
f 174/186/167 173/185/166 171/183/166
f 171/183/166 172/184/167 174/186/167
f 176/188/169 175/187/168 173/185/168
f 173/185/168 174/186/169 176/188/169
f 178/190/171 177/189/170 175/187/170
f 175/187/170 176/188/171 178/190/171
f 180/192/173 179/191/172 177/189/172
f 177/189/172 178/190/173 180/192/173
f 182/194/175 181/193/174 179/191/174
f 179/191/174 180/192/175 182/194/175
f 165/177/177 164/176/176 181/193/176
f 181/193/176 182/194/177 165/177/177
f 186/198/181 183/195/178 184/196/179
f 184/196/179 185/197/180 186/198/181
f 188/200/183 187/199/182 183/195/178
f 183/195/178 186/198/181 188/200/183
f 190/202/185 189/201/184 187/199/182
f 187/199/182 188/200/183 190/202/185
f 192/204/187 191/203/186 189/201/184
f 189/201/184 190/202/185 192/204/187
f 194/206/189 193/205/188 191/203/186
f 191/203/186 192/204/187 194/206/189
f 196/208/191 195/207/190 193/205/188
f 193/205/188 194/206/189 196/208/191
f 198/210/193 197/209/192 195/207/190
f 195/207/190 196/208/191 198/210/193
f 200/212/195 199/211/194 197/209/192
f 197/209/192 198/210/193 200/212/195
f 202/214/197 201/213/196 199/211/194
f 199/211/194 200/212/195 202/214/197
f 185/197/180 184/196/179 201/213/196
f 201/213/196 202/214/197 185/197/180
f 101/111/92 203/215/198 204/216/198
f 204/216/198 102/112/92 101/111/92
f 105/115/94 205/217/199 203/215/199
f 203/215/199 101/111/94 105/115/94
f 107/117/96 206/218/200 205/217/201
f 205/217/201 105/115/96 107/117/96
f 109/119/98 207/219/202 206/218/202
f 206/218/202 107/117/98 109/119/98
f 111/121/100 208/220/203 207/219/203
f 207/219/203 109/119/100 111/121/100
f 113/123/102 209/221/204 208/220/204
f 208/220/204 111/121/102 113/123/102
f 115/125/104 210/222/205 209/221/205
f 209/221/205 113/123/104 115/125/104
f 117/127/106 211/223/206 210/222/206
f 210/222/206 115/125/106 117/127/106
f 119/129/108 212/224/207 211/223/208
f 211/223/208 117/127/108 119/129/108
f 102/112/110 204/216/209 212/224/210
f 212/224/210 119/129/110 102/112/110
f 128/140/121 127/139/121 213/225/211
f 213/225/211 214/226/211 128/140/121
f 214/228/211 213/227/211 164/176/158
f 164/176/158 163/175/157 214/228/211
f 129/141/122 128/140/122 214/226/212
f 214/226/212 215/229/212 129/141/122
f 215/230/212 214/228/212 163/175/160
f 163/175/160 167/179/160 215/230/212
f 130/142/123 129/141/123 215/229/213
f 215/229/213 216/231/213 130/142/123
f 216/232/213 215/230/213 167/179/162
f 167/179/162 169/181/162 216/232/213
f 131/143/124 130/142/124 216/231/214
f 216/231/214 217/233/214 131/143/124
f 217/234/214 216/232/214 169/181/164
f 169/181/164 171/183/164 217/234/214
f 132/144/125 131/143/125 217/233/215
f 217/233/215 218/235/216 132/144/125
f 218/236/216 217/234/215 171/183/166
f 171/183/166 173/185/166 218/236/216
f 133/145/126 132/144/126 218/235/217
f 218/235/217 219/237/218 133/145/126
f 219/238/218 218/236/217 173/185/168
f 173/185/168 175/187/168 219/238/218
f 134/146/127 133/145/127 219/237/219
f 219/237/219 220/239/219 134/146/127
f 220/240/219 219/238/219 175/187/170
f 175/187/170 177/189/170 220/240/219
f 135/147/128 134/146/128 220/239/220
f 220/239/220 221/241/221 135/147/128
f 221/242/221 220/240/220 177/189/172
f 177/189/172 179/191/172 221/242/221
f 136/148/129 135/147/129 221/241/222
f 221/241/222 222/243/222 136/148/129
f 222/244/222 221/242/222 179/191/174
f 179/191/174 181/193/174 222/244/222
f 181/193/176 164/176/176 213/227/223
f 213/227/223 222/244/223 181/193/176
f 222/243/223 213/225/223 127/139/130
f 127/139/130 136/148/130 222/243/223
f 226/248/227 223/245/224 224/246/225
f 224/246/225 225/247/226 226/248/227
f 225/250/229 224/249/228 145/157/139
f 145/157/139 161/173/155 225/250/229
f 146/158/140 145/157/139 224/249/228
f 224/249/228 227/251/230 146/158/140
f 227/253/232 224/246/225 223/245/224
f 223/245/224 228/252/231 227/253/232
f 147/159/141 146/158/140 227/251/230
f 227/251/230 229/254/233 147/159/141
f 229/256/235 227/253/232 228/252/231
f 228/252/231 230/255/234 229/256/235
f 149/161/143 147/159/141 229/254/233
f 229/254/233 231/257/236 149/161/143
f 231/259/238 229/256/235 230/255/234
f 230/255/234 232/258/237 231/259/238
f 151/163/145 149/161/143 231/257/236
f 231/257/236 233/260/239 151/163/145
f 233/262/241 231/259/238 232/258/237
f 232/258/237 234/261/240 233/262/241
f 153/165/147 151/163/145 233/260/239
f 233/260/239 235/263/242 153/165/147
f 235/265/244 233/262/241 234/261/240
f 234/261/240 236/264/243 235/265/244
f 155/167/149 153/165/147 235/263/242
f 235/263/242 237/266/245 155/167/149
f 237/268/247 235/265/244 236/264/243
f 236/264/243 238/267/246 237/268/247
f 157/169/151 155/167/149 237/266/245
f 237/266/245 239/269/248 157/169/151
f 239/271/250 237/268/247 238/267/246
f 238/267/246 240/270/249 239/271/250
f 159/171/153 157/169/151 239/269/248
f 239/269/248 241/272/251 159/171/153
f 241/274/253 239/271/250 240/270/249
f 240/270/249 242/273/252 241/274/253
f 161/173/155 159/171/153 241/272/251
f 241/272/251 225/250/229 161/173/155
f 225/247/226 241/274/253 242/273/252
f 242/273/252 226/248/227 225/247/226
f 137/149/131 124/134/116 123/133/115
f 123/133/115 243/275/254 137/149/131
f 243/276/255 123/138/120 126/137/119
f 126/137/119 148/160/142 243/276/255
f 138/150/132 137/149/131 243/275/254
f 243/275/254 244/277/256 138/150/132
f 244/278/257 243/276/255 148/160/142
f 148/160/142 150/162/144 244/278/257
f 139/151/133 138/150/132 244/277/256
f 244/277/256 245/279/258 139/151/133
f 245/280/259 244/278/257 150/162/144
f 150/162/144 152/164/146 245/280/259
f 140/152/134 139/151/133 245/279/258
f 245/279/258 246/281/260 140/152/134
f 246/282/261 245/280/259 152/164/146
f 152/164/146 154/166/148 246/282/261
f 141/153/135 140/152/134 246/281/260
f 246/281/260 247/283/262 141/153/135
f 247/284/263 246/282/261 154/166/148
f 154/166/148 156/168/150 247/284/263
f 142/154/136 141/153/135 247/283/262
f 247/283/262 248/285/264 142/154/136
f 248/286/265 247/284/263 156/168/150
f 156/168/150 158/170/152 248/286/265
f 143/155/137 142/154/136 248/285/264
f 248/285/264 249/287/266 143/155/137
f 249/288/267 248/286/265 158/170/152
f 158/170/152 160/172/154 249/288/267
f 144/156/138 143/155/137 249/287/266
f 249/287/266 250/289/268 144/156/138
f 250/290/269 249/288/267 160/172/154
f 160/172/154 162/174/156 250/290/269
f 162/174/156 125/136/118 122/135/117
f 122/135/117 250/290/269 162/174/156
f 250/289/268 122/132/114 121/131/113
f 121/131/113 144/156/138 250/289/268
f 166/178/159 165/177/159 251/291/270
f 251/291/270 252/292/271 166/178/159
f 252/294/273 251/293/272 184/196/179
f 184/196/179 183/195/178 252/294/273
f 168/180/161 166/178/161 252/292/274
f 252/292/274 253/295/274 168/180/161
f 253/296/275 252/294/273 183/195/178
f 183/195/178 187/199/182 253/296/275
f 170/182/163 168/180/163 253/295/276
f 253/295/276 254/297/276 170/182/163
f 254/298/277 253/296/275 187/199/182
f 187/199/182 189/201/184 254/298/277
f 172/184/165 170/182/165 254/297/278
f 254/297/278 255/299/278 172/184/165
f 255/300/279 254/298/277 189/201/184
f 189/201/184 191/203/186 255/300/279
f 174/186/167 172/184/167 255/299/280
f 255/299/280 256/301/281 174/186/167
f 256/302/282 255/300/279 191/203/186
f 191/203/186 193/205/188 256/302/282
f 176/188/169 174/186/169 256/301/283
f 256/301/283 257/303/283 176/188/169
f 257/304/284 256/302/282 193/205/188
f 193/205/188 195/207/190 257/304/284
f 178/190/171 176/188/171 257/303/285
f 257/303/285 258/305/285 178/190/171
f 258/306/286 257/304/284 195/207/190
f 195/207/190 197/209/192 258/306/286
f 180/192/173 178/190/173 258/305/287
f 258/305/287 259/307/288 180/192/173
f 259/308/289 258/306/286 197/209/192
f 197/209/192 199/211/194 259/308/289
f 182/194/175 180/192/175 259/307/290
f 259/307/290 260/309/290 182/194/175
f 260/310/291 259/308/289 199/211/194
f 199/211/194 201/213/196 260/310/291
f 201/213/196 184/196/179 251/293/272
f 251/293/272 260/310/291 201/213/196
f 260/309/292 251/291/292 165/177/177
f 165/177/177 182/194/177 260/309/292
f 186/198/181 185/197/180 261/311/293
f 261/311/293 262/312/294 186/198/181
f 262/314/296 261/313/295 204/216/198
f 204/216/198 203/215/198 262/314/296
f 188/200/183 186/198/181 262/312/294
f 262/312/294 263/315/297 188/200/183
f 263/316/298 262/314/298 203/215/199
f 203/215/199 205/217/199 263/316/298
f 190/202/185 188/200/183 263/315/297
f 263/315/297 264/317/299 190/202/185
f 264/318/300 263/316/300 205/217/201
f 205/217/201 206/218/200 264/318/300
f 192/204/187 190/202/185 264/317/299
f 264/317/299 265/319/301 192/204/187
f 265/320/302 264/318/302 206/218/202
f 206/218/202 207/219/202 265/320/302
f 194/206/189 192/204/187 265/319/301
f 265/319/301 266/321/303 194/206/189
f 266/322/304 265/320/304 207/219/203
f 207/219/203 208/220/203 266/322/304
f 196/208/191 194/206/189 266/321/303
f 266/321/303 267/323/305 196/208/191
f 267/324/306 266/322/306 208/220/204
f 208/220/204 209/221/204 267/324/306
f 198/210/193 196/208/191 267/323/305
f 267/323/305 268/325/307 198/210/193
f 268/326/308 267/324/308 209/221/205
f 209/221/205 210/222/205 268/326/308
f 200/212/195 198/210/193 268/325/307
f 268/325/307 269/327/309 200/212/195
f 269/328/310 268/326/310 210/222/206
f 210/222/206 211/223/206 269/328/310
f 202/214/197 200/212/195 269/327/309
f 269/327/309 270/329/311 202/214/197
f 270/330/312 269/328/312 211/223/208
f 211/223/208 212/224/207 270/330/312
f 212/224/210 204/216/209 261/313/313
f 261/313/313 270/330/313 212/224/210
f 270/329/311 261/311/293 185/197/180
f 185/197/180 202/214/197 270/329/311
f 274/334/317 271/331/314 272/332/315
f 272/332/315 273/333/316 274/334/317
f 273/338/320 272/335/318 275/336/5
f 275/336/5 276/337/319 273/338/320
f 279/341/322 274/334/317 277/339/321
f 277/339/321 278/340/321 279/341/322
f 278/345/323 277/342/323 280/343/324
f 280/343/324 281/344/325 278/345/323
f 285/349/6 282/346/6 283/347/326
f 283/347/326 284/348/327 285/349/6
f 284/352/327 283/350/326 276/337/319
f 276/337/319 286/351/328 284/352/327
f 289/355/324 280/343/324 287/353/329
f 287/353/329 288/354/330 289/355/324
f 288/358/330 287/356/329 282/346/6
f 282/346/6 290/357/6 288/358/330
f 294/362/333 291/359/331 292/360/332
f 292/360/332 293/361/332 294/362/333
f 293/366/337 292/363/334 295/364/335
f 295/364/335 296/365/336 293/366/337
f 299/369/6 285/349/6 297/367/338
f 297/367/338 298/368/339 299/369/6
f 298/372/339 297/370/338 291/359/331
f 291/359/331 300/371/331 298/372/339
f 304/376/343 301/373/340 302/374/341
f 302/374/341 303/375/342 304/376/343
f 303/380/346 302/377/344 305/378/344
f 305/378/344 306/379/345 303/380/346
f 309/383/349 304/376/343 307/381/347
f 307/381/347 308/382/348 309/383/349
f 308/387/353 307/384/350 310/385/351
f 310/385/351 311/386/352 308/387/353
f 315/391/37 312/388/37 313/389/354
f 313/389/354 314/390/355 315/391/37
f 314/394/355 313/392/354 306/379/345
f 306/379/345 316/393/356 314/394/355
f 319/397/351 310/385/351 317/395/357
f 317/395/357 318/396/358 319/397/351
f 318/400/358 317/398/357 312/388/37
f 312/388/37 320/399/37 318/400/358
f 324/404/359 321/401/359 322/402/360
f 322/402/360 323/403/361 324/404/359
f 323/408/365 322/405/362 325/406/363
f 325/406/363 326/407/364 323/408/365
f 329/411/37 315/391/37 327/409/366
f 327/409/366 328/410/367 329/411/37
f 328/414/367 327/412/366 321/401/359
f 321/401/359 330/413/359 328/414/367
f 334/418/371 331/415/368 332/416/369
f 332/416/369 333/417/370 334/418/371
f 333/422/374 332/419/372 335/420/373
f 335/420/373 336/421/5 333/422/374
f 339/425/325 289/355/324 337/423/375
f 337/423/375 338/424/375 339/425/325
f 338/428/378 337/426/376 331/415/368
f 331/415/368 340/427/377 338/428/378
f 343/431/381 335/420/373 341/429/379
f 341/429/379 342/430/380 343/431/381
f 342/433/380 341/432/379 290/357/6
f 290/357/6 299/369/6 342/433/380
f 347/437/385 344/434/382 345/435/383
f 345/435/383 346/436/384 347/437/385
f 346/440/387 345/438/386 300/371/331
f 300/371/331 348/439/333 346/440/387
f 352/444/391 349/441/388 350/442/389
f 350/442/389 351/443/390 352/444/391
f 351/448/394 350/445/392 353/446/393
f 353/446/393 354/447/344 351/448/394
f 357/451/352 319/397/351 355/449/395
f 355/449/395 356/450/396 357/451/352
f 356/454/398 355/452/397 349/441/388
f 349/441/388 358/453/388 356/454/398
f 361/457/401 353/446/393 359/455/399
f 359/455/399 360/456/400 361/457/401
f 360/459/400 359/458/399 320/399/37
f 320/399/37 329/411/37 360/459/400
f 365/463/405 362/460/402 363/461/403
f 363/461/403 364/462/404 365/463/405
f 364/466/407 363/464/406 330/413/359
f 330/413/359 366/465/359 364/466/407
f 370/470/411 367/467/408 368/468/409
f 368/468/409 369/469/410 370/470/411
f 369/469/412 368/468/412 371/471/2
f 371/471/2 372/472/2 369/469/412
f 376/476/2 373/473/2 374/474/413
f 374/474/413 375/475/413 376/476/2
f 375/475/417 374/474/414 377/477/415
f 377/477/415 378/478/416 375/475/417
f 281/344/325 339/425/325 379/479/375
f 379/479/375 380/480/375 281/344/325
f 380/480/418 379/479/418 381/481/5
f 381/481/5 382/482/5 380/480/418
f 386/486/419 383/483/419 384/484/420
f 384/484/420 385/485/420 386/486/419
f 385/485/421 384/484/421 366/465/359
f 366/465/359 324/404/359 385/485/421
f 390/490/26 387/487/26 388/488/422
f 388/488/422 389/489/422 390/490/26
f 389/489/423 388/488/423 348/439/333
f 348/439/333 294/362/333 389/489/423
f 393/493/426 347/437/385 391/491/424
f 391/491/424 392/492/425 393/493/426
f 392/492/427 391/491/427 387/487/26
f 387/487/26 394/494/7 392/492/427
f 397/497/26 390/490/26 395/495/428
f 395/495/428 396/496/429 397/497/26
f 396/496/432 395/495/430 296/365/336
f 296/365/336 398/498/431 396/496/432
f 311/386/352 357/451/352 399/499/433
f 399/499/433 400/500/433 311/386/352
f 400/500/434 399/499/434 401/501/344
f 401/501/344 402/502/344 400/500/434
f 404/504/436 19/19/17 18/18/61
f 18/18/61 403/503/435 404/504/436
f 403/503/438 18/18/13 17/17/12
f 17/17/12 405/505/437 403/503/438
f 405/505/437 17/17/12 57/57/27
f 57/57/27 406/506/439 405/505/437
f 406/506/439 57/57/27 58/58/30
f 58/58/30 407/507/440 406/506/439
f 407/507/440 58/58/30 37/37/20
f 37/37/20 408/508/441 407/507/440
f 408/508/443 37/37/36 39/39/35
f 39/39/35 409/509/442 408/508/443
f 411/511/445 60/60/33 59/59/32
f 59/59/32 410/510/444 411/511/445
f 410/510/444 59/59/32 20/20/18
f 20/20/18 412/512/446 410/510/444
f 19/19/17 404/504/436 412/512/446
f 412/512/446 20/20/18 19/19/17
f 60/60/33 411/511/445 409/509/447
f 409/509/447 39/39/24 60/60/33
f 81/81/2 413/513/2 414/514/2
f 414/514/2 82/82/2 81/81/2
f 83/83/4 275/336/4 413/513/4
f 413/513/4 81/81/4 83/83/4
f 84/84/5 276/337/319 275/336/5
f 275/336/5 83/83/5 84/84/5
f 85/85/6 286/351/328 276/337/319
f 276/337/319 84/84/6 85/85/6
f 86/86/26 415/515/26 286/351/328
f 286/351/328 85/85/26 86/86/26
f 87/87/9 416/516/9 415/515/9
f 415/515/9 86/86/9 87/87/9
f 88/88/11 305/378/11 416/516/11
f 416/516/11 87/87/11 88/88/11
f 89/89/59 306/379/345 305/378/344
f 305/378/344 88/88/60 89/89/59
f 90/90/37 316/393/356 306/379/345
f 306/379/345 89/89/37 90/90/37
f 82/82/62 414/514/419 316/393/356
f 316/393/356 90/90/63 82/82/62
f 376/476/2 372/472/2 371/471/2
f 371/471/2 373/473/2 376/476/2
f 418/518/3 417/517/4 372/472/4
f 372/472/4 376/476/3 418/518/3
f 382/482/5 381/481/5 417/517/5
f 417/517/5 418/518/5 382/482/5
f 285/349/6 299/369/6 290/357/6
f 290/357/6 282/346/6 285/349/6
f 397/497/26 394/494/7 387/487/26
f 387/487/26 390/490/26 397/497/26
f 420/520/8 419/519/9 394/494/9
f 394/494/9 397/497/8 420/520/8
f 422/522/11 421/521/11 419/519/11
f 419/519/11 420/520/11 422/522/11
f 402/502/344 401/501/344 421/521/344
f 421/521/344 422/522/344 402/502/344
f 315/391/37 329/411/37 320/399/37
f 320/399/37 312/388/37 315/391/37
f 373/473/419 371/471/419 383/483/419
f 383/483/419 386/486/419 373/473/419
f 370/470/411 423/523/448 424/524/449
f 424/524/449 367/467/408 370/470/411
f 377/477/415 425/525/450 426/526/416
f 426/526/416 378/478/416 377/477/415
f 427/527/451 334/418/371 423/523/448
f 423/523/448 370/470/411 427/527/451
f 378/478/416 426/526/416 271/331/314
f 271/331/314 428/528/452 378/478/416
f 340/427/377 331/415/368 334/418/371
f 334/418/371 427/527/451 340/427/377
f 428/528/452 271/331/314 274/334/317
f 274/334/317 279/341/322 428/528/452
f 281/344/325 280/343/324 289/355/324
f 289/355/324 339/425/325 281/344/325
f 367/467/408 424/524/449 362/460/402
f 362/460/402 365/463/405 367/467/408
f 366/465/359 330/413/359 321/401/359
f 321/401/359 324/404/359 366/465/359
f 326/407/364 325/406/363 425/525/450
f 425/525/450 377/477/415 326/407/364
f 393/493/426 429/529/453 344/434/382
f 344/434/382 347/437/385 393/493/426
f 348/439/333 300/371/331 291/359/331
f 291/359/331 294/362/333 348/439/333
f 296/365/336 295/364/335 430/530/454
f 430/530/454 398/498/431 296/365/336
f 432/532/456 431/531/455 429/529/453
f 429/529/453 393/493/426 432/532/456
f 398/498/431 430/530/454 433/533/457
f 433/533/457 434/534/457 398/498/431
f 435/535/458 352/444/391 431/531/455
f 431/531/455 432/532/456 435/535/458
f 434/534/457 433/533/457 301/373/340
f 301/373/340 436/536/459 434/534/457
f 358/453/388 349/441/388 352/444/391
f 352/444/391 435/535/458 358/453/388
f 436/536/459 301/373/340 304/376/343
f 304/376/343 309/383/349 436/536/459
f 311/386/352 310/385/351 319/397/351
f 319/397/351 357/451/352 311/386/352
f 223/245/224 437/537/460 438/538/461
f 438/538/461 228/252/231 223/245/224
f 228/252/231 438/538/462 439/539/462
f 439/539/462 230/255/234 228/252/231
f 230/255/234 439/539/463 440/540/464
f 440/540/464 232/258/237 230/255/234
f 232/258/237 440/540/464 441/541/465
f 441/541/465 234/261/240 232/258/237
f 234/261/240 441/541/465 442/542/466
f 442/542/466 236/264/243 234/261/240
f 236/264/243 442/542/466 443/543/467
f 443/543/467 238/267/246 236/264/243
f 238/267/246 443/543/468 444/544/468
f 444/544/468 240/270/249 238/267/246
f 240/270/249 444/544/469 445/545/470
f 445/545/470 242/273/252 240/270/249
f 242/273/252 445/545/470 446/546/471
f 446/546/471 226/248/227 242/273/252
f 226/248/227 446/546/471 437/537/460
f 437/537/460 223/245/224 226/248/227
f 410/510/444 412/512/446 447/547/472
f 447/547/472 448/548/473 410/510/444
f 448/550/473 447/549/474 437/537/460
f 437/537/460 446/546/471 448/550/473
f 438/538/461 437/537/460 447/549/474
f 447/549/474 449/551/475 438/538/461
f 449/552/476 447/547/472 412/512/446
f 412/512/446 404/504/436 449/552/476
f 439/539/462 438/538/462 449/551/477
f 449/551/477 450/553/477 439/539/462
f 450/554/478 449/552/476 404/504/436
f 404/504/436 403/503/435 450/554/478
f 440/540/464 439/539/463 450/553/479
f 450/553/479 451/555/480 440/540/464
f 451/556/480 450/554/479 403/503/438
f 403/503/438 405/505/437 451/556/480
f 441/541/465 440/540/464 451/555/480
f 451/555/480 452/557/481 441/541/465
f 452/558/482 451/556/480 405/505/437
f 405/505/437 406/506/439 452/558/482
f 442/542/466 441/541/465 452/557/481
f 452/557/481 453/559/483 442/542/466
f 453/560/483 452/558/482 406/506/439
f 406/506/439 407/507/440 453/560/483
f 443/543/467 442/542/466 453/559/483
f 453/559/483 454/561/484 443/543/467
f 454/562/484 453/560/483 407/507/440
f 407/507/440 408/508/441 454/562/484
f 444/544/468 443/543/468 454/561/485
f 454/561/485 455/563/485 444/544/468
f 455/564/486 454/562/486 408/508/443
f 408/508/443 409/509/442 455/564/486
f 445/545/470 444/544/469 455/563/487
f 455/563/487 456/565/488 445/545/470
f 456/566/488 455/564/487 409/509/447
f 409/509/447 411/511/445 456/566/488
f 446/546/471 445/545/470 456/565/488
f 456/565/488 448/550/473 446/546/471
f 448/548/473 456/566/488 411/511/445
f 411/511/445 410/510/444 448/548/473
f 316/393/356 414/514/419 457/567/419
f 457/567/419 458/568/489 316/393/356
f 458/570/491 457/569/490 425/525/450
f 425/525/450 325/406/363 458/570/491
f 426/526/416 425/525/450 457/569/490
f 457/569/490 459/571/492 426/526/416
f 459/572/2 457/567/2 414/514/2
f 414/514/2 413/513/2 459/572/2
f 271/331/314 426/526/416 459/571/492
f 459/571/492 272/332/315 271/331/314
f 272/335/4 459/572/4 413/513/4
f 413/513/4 275/336/4 272/335/4
f 430/530/454 295/364/335 460/573/493
f 460/573/493 461/574/494 430/530/454
f 461/576/496 460/575/495 286/351/328
f 286/351/328 415/515/26 461/576/496
f 433/533/457 430/530/454 461/574/494
f 461/574/494 462/577/497 433/533/457
f 462/578/9 461/576/9 415/515/9
f 415/515/9 416/516/9 462/578/9
f 301/373/340 433/533/457 462/577/497
f 462/577/497 302/374/341 301/373/340
f 302/377/11 462/578/11 416/516/11
f 416/516/11 305/378/11 302/377/11
f 465/581/419 361/457/401 463/579/498
f 463/579/498 464/580/499 465/581/419
f 464/583/501 463/582/500 362/460/402
f 362/460/402 424/524/449 464/583/501
f 467/585/1 465/581/1 464/580/502
f 464/580/502 466/584/502 467/585/1
f 466/586/503 464/583/501 424/524/449
f 424/524/449 423/523/448 466/586/503
f 336/421/3 467/585/3 466/584/504
f 466/584/504 333/422/504 336/421/3
f 333/417/370 466/586/503 423/523/448
f 423/523/448 334/418/371 333/417/370
f 470/589/7 343/431/381 468/587/505
f 468/587/505 469/588/506 470/589/7
f 469/591/508 468/590/507 344/434/382
f 344/434/382 429/529/453 469/591/508
f 472/593/8 470/589/8 469/588/509
f 469/588/509 471/592/509 472/593/8
f 471/594/510 469/591/508 429/529/453
f 429/529/453 431/531/455 471/594/510
f 354/447/11 472/593/11 471/592/511
f 471/592/511 351/448/511 354/447/11
f 351/443/390 471/594/510 431/531/455
f 431/531/455 352/444/391 351/443/390
f 383/483/419 371/471/419 368/468/512
f 368/468/512 473/595/512 383/483/419
f 473/595/513 368/468/409 367/467/408
f 367/467/408 365/463/405 473/595/513
f 427/527/451 370/470/411 369/469/410
f 369/469/410 474/596/514 427/527/451
f 474/596/515 369/469/515 372/472/4
f 372/472/4 417/517/4 474/596/515
f 326/407/364 377/477/415 374/474/414
f 374/474/414 475/597/516 326/407/364
f 475/597/517 374/474/517 373/473/419
f 373/473/419 386/486/419 475/597/517
f 418/518/3 376/476/3 375/475/504
f 375/475/504 476/598/504 418/518/3
f 476/598/518 375/475/417 378/478/416
f 378/478/416 428/528/452 476/598/518
f 340/427/377 427/527/451 474/596/514
f 474/596/514 477/599/519 340/427/377
f 477/599/5 474/596/5 417/517/5
f 417/517/5 381/481/5 477/599/5
f 382/482/5 418/518/5 476/598/418
f 476/598/418 478/600/418 382/482/5
f 478/600/520 476/598/518 428/528/452
f 428/528/452 279/341/322 478/600/520
f 432/532/456 393/493/426 392/492/425
f 392/492/425 479/601/521 432/532/456
f 479/601/522 392/492/522 394/494/9
f 394/494/9 419/519/9 479/601/522
f 420/520/8 397/497/8 396/496/509
f 396/496/509 480/602/509 420/520/8
f 480/602/523 396/496/432 398/498/431
f 398/498/431 434/534/457 480/602/523
f 435/535/458 432/532/456 479/601/521
f 479/601/521 481/603/524 435/535/458
f 481/603/525 479/601/525 419/519/11
f 419/519/11 421/521/11 481/603/525
f 422/522/11 420/520/11 480/602/526
f 480/602/526 482/604/526 422/522/11
f 482/604/527 480/602/523 434/534/457
f 434/534/457 436/536/459 482/604/527
f 358/453/388 435/535/458 481/603/524
f 481/603/524 483/605/528 358/453/388
f 483/605/530 481/603/529 421/521/344
f 421/521/344 401/501/344 483/605/530
f 402/502/344 422/522/344 482/604/531
f 482/604/531 484/606/531 402/502/344
f 484/606/532 482/604/527 436/536/459
f 436/536/459 309/383/349 484/606/532
f 485/607/533 287/353/329 280/343/324
f 280/343/324 277/342/323 485/607/533
f 485/608/534 277/339/321 274/334/317
f 274/334/317 273/333/316 485/608/534
f 485/609/533 273/338/320 276/337/319
f 276/337/319 283/350/326 485/609/533
f 485/610/533 283/347/326 282/346/6
f 282/346/6 287/356/329 485/610/533
f 486/611/535 460/573/493 295/364/335
f 295/364/335 292/363/334 486/611/535
f 486/612/536 292/360/332 291/359/331
f 291/359/331 297/370/338 486/612/536
f 486/613/536 297/367/338 285/349/6
f 285/349/6 284/348/327 486/613/536
f 486/614/536 284/352/327 286/351/328
f 286/351/328 460/575/495 486/614/536
f 487/615/537 317/395/357 310/385/351
f 310/385/351 307/384/350 487/615/537
f 487/616/538 307/381/347 304/376/343
f 304/376/343 303/375/342 487/616/538
f 487/617/537 303/380/346 306/379/345
f 306/379/345 313/392/354 487/617/537
f 487/618/537 313/389/354 312/388/37
f 312/388/37 317/398/357 487/618/537
f 488/619/539 458/570/491 325/406/363
f 325/406/363 322/405/362 488/619/539
f 488/620/540 322/402/360 321/401/359
f 321/401/359 327/412/366 488/620/540
f 488/621/540 327/409/366 315/391/37
f 315/391/37 314/390/355 488/621/540
f 488/622/540 314/394/355 316/393/356
f 316/393/356 458/568/489 488/622/540
f 489/623/541 341/429/379 335/420/373
f 335/420/373 332/419/372 489/623/541
f 489/624/542 332/416/369 331/415/368
f 331/415/368 337/426/376 489/624/542
f 489/625/541 337/423/375 289/355/324
f 289/355/324 288/354/330 489/625/541
f 489/626/541 288/358/330 290/357/6
f 290/357/6 341/432/379 489/626/541
f 490/627/543 468/587/505 343/431/381
f 343/431/381 342/430/380 490/627/543
f 490/628/543 342/433/380 299/369/6
f 299/369/6 298/368/339 490/628/543
f 490/629/543 298/372/339 300/371/331
f 300/371/331 345/438/386 490/629/543
f 490/630/544 345/435/383 344/434/382
f 344/434/382 468/590/507 490/630/544
f 491/631/545 359/455/399 353/446/393
f 353/446/393 350/445/392 491/631/545
f 491/632/546 350/442/389 349/441/388
f 349/441/388 355/452/397 491/632/546
f 491/633/545 355/449/395 319/397/351
f 319/397/351 318/396/358 491/633/545
f 491/634/545 318/400/358 320/399/37
f 320/399/37 359/458/399 491/634/545
f 492/635/547 463/579/498 361/457/401
f 361/457/401 360/456/400 492/635/547
f 492/636/547 360/459/400 329/411/37
f 329/411/37 328/410/367 492/636/547
f 492/637/547 328/414/367 330/413/359
f 330/413/359 363/464/406 492/637/547
f 492/638/548 363/461/403 362/460/402
f 362/460/402 463/582/500 492/638/548
f 493/639/549 477/599/5 381/481/5
f 381/481/5 379/479/418 493/639/549
f 493/639/550 379/479/375 339/425/325
f 339/425/325 338/424/375 493/639/550
f 493/639/551 338/428/378 340/427/377
f 340/427/377 477/599/519 493/639/551
f 494/640/375 278/345/323 281/344/325
f 281/344/325 380/480/375 494/640/375
f 494/640/318 380/480/418 382/482/5
f 382/482/5 478/600/418 494/640/318
f 494/640/552 478/600/520 279/341/322
f 279/341/322 278/340/321 494/640/552
f 495/641/553 364/466/407 366/465/359
f 366/465/359 384/484/421 495/641/553
f 495/641/554 384/484/420 383/483/419
f 383/483/419 473/595/512 495/641/554
f 495/641/555 473/595/513 365/463/405
f 365/463/405 364/462/404 495/641/555
f 496/642/556 323/408/365 326/407/364
f 326/407/364 475/597/516 496/642/556
f 496/642/557 475/597/517 386/486/419
f 386/486/419 385/485/420 496/642/557
f 496/642/421 385/485/421 324/404/359
f 324/404/359 323/403/361 496/642/421
f 497/643/558 346/440/387 348/439/333
f 348/439/333 388/488/423 497/643/558
f 497/643/7 388/488/422 387/487/26
f 387/487/26 391/491/427 497/643/7
f 497/643/559 391/491/424 347/437/385
f 347/437/385 346/436/384 497/643/559
f 498/644/560 293/366/337 296/365/336
f 296/365/336 395/495/430 498/644/560
f 498/644/561 395/495/428 390/490/26
f 390/490/26 389/489/422 498/644/561
f 498/644/423 389/489/423 294/362/333
f 294/362/333 293/361/332 498/644/423
f 499/645/562 483/605/530 401/501/344
f 401/501/344 399/499/434 499/645/562
f 499/645/563 399/499/433 357/451/352
f 357/451/352 356/450/396 499/645/563
f 499/645/564 356/454/398 358/453/388
f 358/453/388 483/605/528 499/645/564
f 500/646/565 308/387/353 311/386/352
f 311/386/352 400/500/433 500/646/565
f 500/646/566 400/500/434 402/502/344
f 402/502/344 484/606/531 500/646/566
f 500/646/567 484/606/532 309/383/349
f 309/383/349 308/382/348 500/646/567
f 504/650/571 501/647/568 502/648/569
f 502/648/569 503/649/570 504/650/571
f 503/649/572 502/648/572 505/651/573
f 505/651/573 506/652/573 503/649/572
f 510/656/574 507/653/574 508/654/575
f 508/654/575 509/655/575 510/656/574
f 509/655/579 508/654/576 511/657/577
f 511/657/577 512/658/578 509/655/579
f 516/662/582 513/659/580 514/660/581
f 514/660/581 515/661/570 516/662/582
f 515/661/583 514/660/583 517/663/584
f 517/663/584 518/664/584 515/661/583
f 522/668/585 519/665/585 520/666/586
f 520/666/586 521/667/586 522/668/585
f 521/667/590 520/666/587 523/669/588
f 523/669/588 524/670/589 521/667/590
f 528/674/592 525/671/580 526/672/591
f 526/672/591 527/673/570 528/674/592
f 527/673/583 526/672/583 529/675/593
f 529/675/593 530/676/593 527/673/583
f 534/680/594 531/677/594 532/678/586
f 532/678/586 533/679/586 534/680/594
f 533/679/598 532/678/595 535/681/596
f 535/681/596 536/682/597 533/679/598
f 540/686/600 537/683/599 538/684/599
f 538/684/599 539/685/600 540/686/600
f 542/688/602 541/687/601 537/683/601
f 537/683/601 540/686/602 542/688/602
f 544/690/605 543/689/603 541/687/604
f 541/687/604 542/688/605 544/690/605
f 546/692/607 545/691/606 543/689/606
f 543/689/606 544/690/607 546/692/607
f 548/694/609 547/693/608 545/691/608
f 545/691/608 546/692/609 548/694/609
f 550/696/611 549/695/610 547/693/610
f 547/693/610 548/694/611 550/696/611
f 552/698/613 551/697/612 549/695/612
f 549/695/612 550/696/613 552/698/613
f 554/700/615 553/699/614 551/697/614
f 551/697/614 552/698/615 554/700/615
f 556/702/617 555/701/616 553/699/616
f 553/699/616 554/700/617 556/702/617
f 539/685/619 538/684/618 555/701/618
f 555/701/618 556/702/619 539/685/619
f 510/656/574 506/652/573 505/651/573
f 505/651/573 507/653/574 510/656/574
f 558/704/621 557/703/620 506/652/620
f 506/652/620 510/656/621 558/704/621
f 560/706/623 559/705/622 557/703/622
f 557/703/622 558/704/623 560/706/623
f 562/708/625 561/707/624 559/705/624
f 559/705/624 560/706/625 562/708/625
f 564/710/627 563/709/626 561/707/626
f 561/707/626 562/708/627 564/710/627
f 566/712/631 565/711/628 563/709/629
f 563/709/629 564/710/630 566/712/631
f 568/714/633 567/713/632 565/711/632
f 565/711/632 566/712/633 568/714/633
f 570/716/635 569/715/634 567/713/634
f 567/713/634 568/714/635 570/716/635
f 572/718/637 571/717/636 569/715/636
f 569/715/636 570/716/637 572/718/637
f 507/653/639 505/651/638 571/717/638
f 571/717/638 572/718/639 507/653/639
f 522/668/585 518/664/584 517/663/584
f 517/663/584 519/665/585 522/668/585
f 574/720/641 573/719/640 518/664/640
f 518/664/640 522/668/641 574/720/641
f 576/722/643 575/721/642 573/719/642
f 573/719/642 574/720/643 576/722/643
f 578/724/645 577/723/644 575/721/644
f 575/721/644 576/722/645 578/724/645
f 580/726/648 579/725/646 577/723/647
f 577/723/647 578/724/648 580/726/648
f 582/728/650 581/727/649 579/725/649
f 579/725/649 580/726/650 582/728/650
f 584/730/652 583/729/651 581/727/651
f 581/727/651 582/728/652 584/730/652
f 586/732/656 585/731/653 583/729/654
f 583/729/654 584/730/655 586/732/656
f 588/734/658 587/733/657 585/731/657
f 585/731/657 586/732/658 588/734/658
f 519/665/662 517/663/659 587/733/660
f 587/733/660 588/734/661 519/665/662
f 534/680/594 530/676/593 529/675/593
f 529/675/593 531/677/594 534/680/594
f 590/736/664 589/735/663 530/676/663
f 530/676/663 534/680/664 590/736/664
f 592/738/668 591/737/665 589/735/666
f 589/735/666 590/736/667 592/738/668
f 594/740/670 593/739/669 591/737/669
f 591/737/669 592/738/670 594/740/670
f 596/742/673 595/741/671 593/739/672
f 593/739/672 594/740/673 596/742/673
f 598/744/675 597/743/674 595/741/674
f 595/741/674 596/742/675 598/744/675
f 600/746/677 599/745/676 597/743/676
f 597/743/676 598/744/677 600/746/677
f 602/748/679 601/747/678 599/745/678
f 599/745/678 600/746/679 602/748/679
f 604/750/681 603/749/680 601/747/680
f 601/747/680 602/748/681 604/750/681
f 531/677/683 529/675/682 603/749/682
f 603/749/682 604/750/683 531/677/683
f 608/754/685 605/751/684 606/752/684
f 606/752/684 607/753/685 608/754/685
f 610/756/687 609/755/686 605/751/686
f 605/751/686 608/754/687 610/756/687
f 612/758/689 611/757/688 609/755/688
f 609/755/688 610/756/689 612/758/689
f 614/760/691 613/759/690 611/757/690
f 611/757/690 612/758/691 614/760/691
f 616/762/694 615/761/692 613/759/693
f 613/759/693 614/760/694 616/762/694
f 618/764/696 617/763/695 615/761/695
f 615/761/695 616/762/696 618/764/696
f 620/766/698 619/765/697 617/763/697
f 617/763/697 618/764/698 620/766/698
f 622/768/702 621/767/699 619/765/700
f 619/765/700 620/766/701 622/768/702
f 624/770/704 623/769/703 621/767/703
f 621/767/703 622/768/704 624/770/704
f 607/753/706 606/752/705 623/769/705
f 623/769/705 624/770/706 607/753/706
f 504/650/571 625/771/707 626/772/708
f 626/772/708 501/647/568 504/650/571
f 511/657/577 627/773/709 628/774/710
f 628/774/710 512/658/578 511/657/577
f 630/776/712 629/775/711 625/771/707
f 625/771/707 504/650/571 630/776/712
f 512/658/578 628/774/710 631/777/713
f 631/777/713 632/778/714 512/658/578
f 634/780/716 633/779/715 629/775/711
f 629/775/711 630/776/712 634/780/716
f 632/778/714 631/777/713 635/781/717
f 635/781/717 636/782/718 632/778/714
f 638/784/720 637/783/719 633/779/715
f 633/779/715 634/780/716 638/784/720
f 636/782/718 635/781/717 639/785/721
f 639/785/721 640/786/722 636/782/718
f 642/788/724 641/787/723 637/783/719
f 637/783/719 638/784/720 642/788/724
f 640/786/722 639/785/721 643/789/725
f 643/789/725 644/790/726 640/786/722
f 646/792/728 645/791/727 641/787/723
f 641/787/723 642/788/724 646/792/728
f 644/790/726 643/789/725 647/793/729
f 647/793/729 648/794/730 644/790/726
f 650/796/732 649/795/731 645/791/727
f 645/791/727 646/792/728 650/796/732
f 648/794/730 647/793/729 651/797/733
f 651/797/733 652/798/734 648/794/730
f 654/800/736 653/799/735 649/795/731
f 649/795/731 650/796/732 654/800/736
f 652/798/734 651/797/733 655/801/737
f 655/801/737 656/802/738 652/798/734
f 658/804/740 657/803/739 653/799/735
f 653/799/735 654/800/736 658/804/740
f 656/802/738 655/801/737 659/805/741
f 659/805/741 660/806/742 656/802/738
f 501/647/568 626/772/708 657/803/739
f 657/803/739 658/804/740 501/647/568
f 660/806/742 659/805/741 627/773/709
f 627/773/709 511/657/577 660/806/742
f 516/662/582 661/807/743 662/808/744
f 662/808/744 513/659/580 516/662/582
f 523/669/588 663/809/709 664/810/745
f 664/810/745 524/670/589 523/669/588
f 666/812/712 665/811/746 661/807/743
f 661/807/743 516/662/582 666/812/712
f 524/670/589 664/810/745 667/813/747
f 667/813/747 668/814/748 524/670/589
f 670/816/750 669/815/749 665/811/746
f 665/811/746 666/812/712 670/816/750
f 668/814/748 667/813/747 671/817/751
f 671/817/751 672/818/752 668/814/748
f 674/820/754 673/819/753 669/815/749
f 669/815/749 670/816/750 674/820/754
f 672/818/752 671/817/751 675/821/721
f 675/821/721 676/822/722 672/818/752
f 678/824/756 677/823/755 673/819/753
f 673/819/753 674/820/754 678/824/756
f 676/822/722 675/821/721 679/825/757
f 679/825/757 680/826/758 676/822/722
f 682/828/728 681/827/759 677/823/755
f 677/823/755 678/824/756 682/828/728
f 680/826/758 679/825/757 683/829/760
f 683/829/760 684/830/761 680/826/758
f 686/832/763 685/831/762 681/827/759
f 681/827/759 682/828/728 686/832/763
f 684/830/761 683/829/760 687/833/764
f 687/833/764 688/834/734 684/830/761
f 690/836/765 689/835/735 685/831/762
f 685/831/762 686/832/763 690/836/765
f 688/834/734 687/833/764 691/837/766
f 691/837/766 692/838/767 688/834/734
f 694/840/769 693/839/768 689/835/735
f 689/835/735 690/836/765 694/840/769
f 692/838/767 691/837/766 695/841/741
f 695/841/741 696/842/770 692/838/767
f 513/659/580 662/808/744 693/839/768
f 693/839/768 694/840/769 513/659/580
f 696/842/770 695/841/741 663/809/709
f 663/809/709 523/669/588 696/842/770
f 528/674/592 697/843/771 698/844/772
f 698/844/772 525/671/580 528/674/592
f 535/681/596 699/845/773 700/846/774
f 700/846/774 536/682/597 535/681/596
f 702/848/776 701/847/775 697/843/771
f 697/843/771 528/674/592 702/848/776
f 536/682/597 700/846/774 703/849/777
f 703/849/777 704/850/778 536/682/597
f 706/852/716 705/851/749 701/847/775
f 701/847/775 702/848/776 706/852/716
f 704/850/778 703/849/777 707/853/779
f 707/853/779 708/854/780 704/850/778
f 710/856/781 709/855/753 705/851/749
f 705/851/749 706/852/716 710/856/781
f 708/854/780 707/853/779 711/857/782
f 711/857/782 712/858/783 708/854/780
f 714/860/756 713/859/784 709/855/753
f 709/855/753 710/856/781 714/860/756
f 712/858/783 711/857/782 715/861/785
f 715/861/785 716/862/786 712/858/783
f 718/864/788 717/863/787 713/859/784
f 713/859/784 714/860/756 718/864/788
f 716/862/786 715/861/785 719/865/789
f 719/865/789 720/866/790 716/862/786
f 722/868/792 721/867/791 717/863/787
f 717/863/787 718/864/788 722/868/792
f 720/866/790 719/865/789 723/869/793
f 723/869/793 724/870/794 720/866/790
f 726/872/796 725/871/795 721/867/791
f 721/867/791 722/868/792 726/872/796
f 724/870/794 723/869/793 727/873/766
f 727/873/766 728/874/767 724/870/794
f 730/876/798 729/875/797 725/871/795
f 725/871/795 726/872/796 730/876/798
f 728/874/767 727/873/766 731/877/799
f 731/877/799 732/878/800 728/874/767
f 525/671/580 698/844/772 729/875/797
f 729/875/797 730/876/798 525/671/580
f 732/878/800 731/877/799 699/845/773
f 699/845/773 535/681/596 732/878/800
f 467/585/1 733/879/801 734/880/801
f 734/880/801 465/581/1 467/585/1
f 336/421/3 735/881/802 733/879/802
f 733/879/802 467/585/3 336/421/3
f 335/420/373 736/882/803 735/881/803
f 735/881/803 336/421/5 335/420/373
f 343/431/381 737/883/804 736/882/804
f 736/882/804 335/420/373 343/431/381
f 470/589/7 738/884/805 737/883/805
f 737/883/805 343/431/381 470/589/7
f 472/593/8 739/885/806 738/884/806
f 738/884/806 470/589/8 472/593/8
f 354/447/11 740/886/807 739/885/807
f 739/885/807 472/593/11 354/447/11
f 353/446/393 741/887/808 740/886/808
f 740/886/808 354/447/344 353/446/393
f 361/457/401 742/888/809 741/887/809
f 741/887/809 353/446/393 361/457/401
f 465/581/419 734/880/810 742/888/810
f 742/888/810 361/457/401 465/581/419
f 555/701/618 538/684/618 743/889/811
f 743/889/811 744/890/811 555/701/618
f 744/892/813 743/891/812 627/773/709
f 627/773/709 659/805/741 744/892/813
f 628/774/710 627/773/709 743/891/812
f 743/891/812 745/893/814 628/774/710
f 745/894/815 743/889/815 538/684/599
f 538/684/599 537/683/599 745/894/815
f 631/777/713 628/774/710 745/893/814
f 745/893/814 746/895/816 631/777/713
f 746/896/817 745/894/817 537/683/601
f 537/683/601 541/687/601 746/896/817
f 635/781/717 631/777/713 746/895/816
f 746/895/816 747/897/818 635/781/717
f 747/898/819 746/896/819 541/687/604
f 541/687/604 543/689/603 747/898/819
f 639/785/721 635/781/717 747/897/818
f 747/897/818 748/899/820 639/785/721
f 748/900/821 747/898/821 543/689/606
f 543/689/606 545/691/606 748/900/821
f 643/789/725 639/785/721 748/899/820
f 748/899/820 749/901/822 643/789/725
f 749/902/823 748/900/823 545/691/608
f 545/691/608 547/693/608 749/902/823
f 647/793/729 643/789/725 749/901/822
f 749/901/822 750/903/824 647/793/729
f 750/904/825 749/902/825 547/693/610
f 547/693/610 549/695/610 750/904/825
f 651/797/733 647/793/729 750/903/824
f 750/903/824 751/905/826 651/797/733
f 751/906/828 750/904/827 549/695/612
f 549/695/612 551/697/612 751/906/828
f 655/801/737 651/797/733 751/905/826
f 751/905/826 752/907/829 655/801/737
f 752/908/830 751/906/830 551/697/614
f 551/697/614 553/699/614 752/908/830
f 659/805/741 655/801/737 752/907/829
f 752/907/829 744/892/813 659/805/741
f 744/890/831 752/908/831 553/699/616
f 553/699/616 555/701/616 744/890/831
f 608/754/685 607/753/685 753/909/832
f 753/909/832 754/910/832 608/754/685
f 754/912/834 753/911/833 626/772/708
f 626/772/708 625/771/707 754/912/834
f 610/756/687 608/754/687 754/910/835
f 754/910/835 755/913/835 610/756/687
f 755/914/836 754/912/834 625/771/707
f 625/771/707 629/775/711 755/914/836
f 612/758/689 610/756/689 755/913/837
f 755/913/837 756/915/837 612/758/689
f 756/916/838 755/914/836 629/775/711
f 629/775/711 633/779/715 756/916/838
f 614/760/691 612/758/691 756/915/839
f 756/915/839 757/917/839 614/760/691
f 757/918/840 756/916/838 633/779/715
f 633/779/715 637/783/719 757/918/840
f 616/762/694 614/760/694 757/917/841
f 757/917/841 758/919/841 616/762/694
f 758/920/842 757/918/840 637/783/719
f 637/783/719 641/787/723 758/920/842
f 618/764/696 616/762/696 758/919/843
f 758/919/843 759/921/843 618/764/696
f 759/922/844 758/920/842 641/787/723
f 641/787/723 645/791/727 759/922/844
f 620/766/698 618/764/698 759/921/845
f 759/921/845 760/923/846 620/766/698
f 760/924/847 759/922/844 645/791/727
f 645/791/727 649/795/731 760/924/847
f 622/768/702 620/766/701 760/923/848
f 760/923/848 761/925/848 622/768/702
f 761/926/849 760/924/847 649/795/731
f 649/795/731 653/799/735 761/926/849
f 624/770/704 622/768/704 761/925/850
f 761/925/850 762/927/850 624/770/704
f 762/928/851 761/926/849 653/799/735
f 653/799/735 657/803/739 762/928/851
f 657/803/739 626/772/708 753/911/833
f 753/911/833 762/928/851 657/803/739
f 762/927/852 753/909/852 607/753/706
f 607/753/706 624/770/706 762/927/852
f 540/686/600 539/685/600 763/929/853
f 763/929/853 764/930/853 540/686/600
f 764/932/855 763/931/854 662/808/744
f 662/808/744 661/807/743 764/932/855
f 542/688/602 540/686/602 764/930/835
f 764/930/835 765/933/835 542/688/602
f 765/934/856 764/932/855 661/807/743
f 661/807/743 665/811/746 765/934/856
f 544/690/605 542/688/605 765/933/837
f 765/933/837 766/935/837 544/690/605
f 766/936/857 765/934/856 665/811/746
f 665/811/746 669/815/749 766/936/857
f 546/692/607 544/690/607 766/935/839
f 766/935/839 767/937/839 546/692/607
f 767/938/858 766/936/857 669/815/749
f 669/815/749 673/819/753 767/938/858
f 548/694/609 546/692/609 767/937/841
f 767/937/841 768/939/841 548/694/609
f 768/940/859 767/938/858 673/819/753
f 673/819/753 677/823/755 768/940/859
f 550/696/611 548/694/611 768/939/843
f 768/939/843 769/941/843 550/696/611
f 769/942/860 768/940/859 677/823/755
f 677/823/755 681/827/759 769/942/860
f 552/698/613 550/696/613 769/941/845
f 769/941/845 770/943/846 552/698/613
f 770/944/861 769/942/860 681/827/759
f 681/827/759 685/831/762 770/944/861
f 554/700/615 552/698/615 770/943/848
f 770/943/848 771/945/848 554/700/615
f 771/946/862 770/944/861 685/831/762
f 685/831/762 689/835/735 771/946/862
f 556/702/617 554/700/617 771/945/850
f 771/945/850 772/947/850 556/702/617
f 772/948/863 771/946/862 689/835/735
f 689/835/735 693/839/768 772/948/863
f 693/839/768 662/808/744 763/931/854
f 763/931/854 772/948/863 693/839/768
f 772/947/852 763/929/852 539/685/619
f 539/685/619 556/702/619 772/947/852
f 664/810/745 663/809/709 773/949/864
f 773/949/864 774/950/814 664/810/745
f 774/952/865 773/951/865 734/880/801
f 734/880/801 733/879/801 774/952/865
f 667/813/747 664/810/745 774/950/814
f 774/950/814 775/953/816 667/813/747
f 775/954/817 774/952/817 733/879/802
f 733/879/802 735/881/802 775/954/817
f 671/817/751 667/813/747 775/953/816
f 775/953/816 776/955/818 671/817/751
f 776/956/867 775/954/866 735/881/803
f 735/881/803 736/882/803 776/956/867
f 675/821/721 671/817/751 776/955/818
f 776/955/818 777/957/820 675/821/721
f 777/958/821 776/956/821 736/882/804
f 736/882/804 737/883/804 777/958/821
f 679/825/757 675/821/721 777/957/820
f 777/957/820 778/959/822 679/825/757
f 778/960/868 777/958/868 737/883/805
f 737/883/805 738/884/805 778/960/868
f 683/829/760 679/825/757 778/959/822
f 778/959/822 779/961/824 683/829/760
f 779/962/825 778/960/825 738/884/806
f 738/884/806 739/885/806 779/962/825
f 687/833/764 683/829/760 779/961/824
f 779/961/824 780/963/869 687/833/764
f 780/964/827 779/962/827 739/885/807
f 739/885/807 740/886/807 780/964/827
f 691/837/766 687/833/764 780/963/869
f 780/963/869 781/965/870 691/837/766
f 781/966/830 780/964/830 740/886/808
f 740/886/808 741/887/808 781/966/830
f 695/841/741 691/837/766 781/965/870
f 781/965/870 782/967/871 695/841/741
f 782/968/831 781/966/831 741/887/809
f 741/887/809 742/888/809 782/968/831
f 742/888/810 734/880/810 773/951/811
f 773/951/811 782/968/811 742/888/810
f 782/967/871 773/949/864 663/809/709
f 663/809/709 695/841/741 782/967/871
f 786/972/872 783/969/872 784/970/832
f 784/970/832 785/971/832 786/972/872
f 785/974/834 784/973/833 698/844/772
f 698/844/772 697/843/771 785/974/834
f 788/976/873 786/972/873 785/971/835
f 785/971/835 787/975/835 788/976/873
f 787/977/836 785/974/834 697/843/771
f 697/843/771 701/847/775 787/977/836
f 790/979/874 788/976/874 787/975/837
f 787/975/837 789/978/837 790/979/874
f 789/980/875 787/977/836 701/847/775
f 701/847/775 705/851/749 789/980/875
f 792/982/876 790/979/876 789/978/839
f 789/978/839 791/981/839 792/982/876
f 791/983/840 789/980/875 705/851/749
f 705/851/749 709/855/753 791/983/840
f 794/985/877 792/982/877 791/981/841
f 791/981/841 793/984/878 794/985/877
f 793/986/879 791/983/840 709/855/753
f 709/855/753 713/859/784 793/986/879
f 796/988/880 794/985/880 793/984/843
f 793/984/843 795/987/843 796/988/880
f 795/989/844 793/986/879 713/859/784
f 713/859/784 717/863/787 795/989/844
f 798/991/881 796/988/881 795/987/845
f 795/987/845 797/990/845 798/991/881
f 797/992/882 795/989/844 717/863/787
f 717/863/787 721/867/791 797/992/882
f 800/994/883 798/991/883 797/990/848
f 797/990/848 799/993/848 800/994/883
f 799/995/884 797/992/882 721/867/791
f 721/867/791 725/871/795 799/995/884
f 802/997/885 800/994/885 799/993/850
f 799/993/850 801/996/850 802/997/885
f 801/998/886 799/995/884 725/871/795
f 725/871/795 729/875/797 801/998/886
f 729/875/797 698/844/772 784/973/833
f 784/973/833 801/998/886 729/875/797
f 801/996/852 784/970/852 783/969/887
f 783/969/887 802/997/887 801/996/852
f 623/769/705 606/752/705 803/999/888
f 803/999/888 804/1000/889 623/769/705
f 804/1002/871 803/1001/890 699/845/773
f 699/845/773 731/877/799 804/1002/871
f 700/846/774 699/845/773 803/1001/890
f 803/1001/890 805/1003/814 700/846/774
f 805/1004/865 803/999/865 606/752/684
f 606/752/684 605/751/684 805/1004/865
f 703/849/777 700/846/774 805/1003/814
f 805/1003/814 806/1005/816 703/849/777
f 806/1006/891 805/1004/891 605/751/686
f 605/751/686 609/755/686 806/1006/891
f 707/853/779 703/849/777 806/1005/816
f 806/1005/816 807/1007/818 707/853/779
f 807/1008/819 806/1006/819 609/755/688
f 609/755/688 611/757/688 807/1008/819
f 711/857/782 707/853/779 807/1007/818
f 807/1007/818 808/1009/820 711/857/782
f 808/1010/821 807/1008/821 611/757/690
f 611/757/690 613/759/690 808/1010/821
f 715/861/785 711/857/782 808/1009/820
f 808/1009/820 809/1011/822 715/861/785
f 809/1012/823 808/1010/823 613/759/693
f 613/759/693 615/761/692 809/1012/823
f 719/865/789 715/861/785 809/1011/822
f 809/1011/822 810/1013/824 719/865/789
f 810/1014/892 809/1012/892 615/761/695
f 615/761/695 617/763/695 810/1014/892
f 723/869/793 719/865/789 810/1013/824
f 810/1013/824 811/1015/893 723/869/793
f 811/1016/894 810/1014/894 617/763/697
f 617/763/697 619/765/697 811/1016/894
f 727/873/766 723/869/793 811/1015/893
f 811/1015/893 812/1017/870 727/873/766
f 812/1018/895 811/1016/895 619/765/700
f 619/765/700 621/767/699 812/1018/895
f 731/877/799 727/873/766 812/1017/870
f 812/1017/870 804/1002/871 731/877/799
f 804/1000/831 812/1018/831 621/767/703
f 621/767/703 623/769/703 804/1000/831
f 630/776/712 504/650/571 503/649/570
f 503/649/570 813/1019/896 630/776/712
f 813/1019/897 503/649/897 506/652/620
f 506/652/620 557/703/620 813/1019/897
f 558/704/621 510/656/621 509/655/898
f 509/655/898 814/1020/898 558/704/621
f 814/1020/899 509/655/579 512/658/578
f 512/658/578 632/778/714 814/1020/899
f 634/780/716 630/776/712 813/1019/896
f 813/1019/896 815/1021/900 634/780/716
f 815/1021/901 813/1019/901 557/703/622
f 557/703/622 559/705/622 815/1021/901
f 560/706/623 558/704/623 814/1020/902
f 814/1020/902 816/1022/902 560/706/623
f 816/1022/903 814/1020/899 632/778/714
f 632/778/714 636/782/718 816/1022/903
f 638/784/720 634/780/716 815/1021/900
f 815/1021/900 817/1023/904 638/784/720
f 817/1023/905 815/1021/905 559/705/624
f 559/705/624 561/707/624 817/1023/905
f 562/708/625 560/706/625 816/1022/906
f 816/1022/906 818/1024/906 562/708/625
f 818/1024/907 816/1022/903 636/782/718
f 636/782/718 640/786/722 818/1024/907
f 642/788/724 638/784/720 817/1023/904
f 817/1023/904 819/1025/908 642/788/724
f 819/1025/909 817/1023/909 561/707/626
f 561/707/626 563/709/626 819/1025/909
f 564/710/627 562/708/627 818/1024/910
f 818/1024/910 820/1026/910 564/710/627
f 820/1026/911 818/1024/907 640/786/722
f 640/786/722 644/790/726 820/1026/911
f 646/792/728 642/788/724 819/1025/908
f 819/1025/908 821/1027/912 646/792/728
f 821/1027/913 819/1025/913 563/709/629
f 563/709/629 565/711/628 821/1027/913
f 566/712/631 564/710/630 820/1026/914
f 820/1026/914 822/1028/914 566/712/631
f 822/1028/915 820/1026/911 644/790/726
f 644/790/726 648/794/730 822/1028/915
f 650/796/732 646/792/728 821/1027/912
f 821/1027/912 823/1029/916 650/796/732
f 823/1029/917 821/1027/917 565/711/632
f 565/711/632 567/713/632 823/1029/917
f 568/714/633 566/712/633 822/1028/918
f 822/1028/918 824/1030/918 568/714/633
f 824/1030/919 822/1028/915 648/794/730
f 648/794/730 652/798/734 824/1030/919
f 654/800/736 650/796/732 823/1029/916
f 823/1029/916 825/1031/920 654/800/736
f 825/1031/921 823/1029/921 567/713/634
f 567/713/634 569/715/634 825/1031/921
f 570/716/635 568/714/635 824/1030/922
f 824/1030/922 826/1032/922 570/716/635
f 826/1032/923 824/1030/919 652/798/734
f 652/798/734 656/802/738 826/1032/923
f 658/804/740 654/800/736 825/1031/920
f 825/1031/920 827/1033/924 658/804/740
f 827/1033/925 825/1031/925 569/715/636
f 569/715/636 571/717/636 827/1033/925
f 572/718/637 570/716/637 826/1032/926
f 826/1032/926 828/1034/926 572/718/637
f 828/1034/927 826/1032/923 656/802/738
f 656/802/738 660/806/742 828/1034/927
f 571/717/638 505/651/638 502/648/928
f 502/648/928 827/1033/929 571/717/638
f 827/1033/924 502/648/569 501/647/568
f 501/647/568 658/804/740 827/1033/924
f 660/806/742 511/657/577 508/654/576
f 508/654/576 828/1034/927 660/806/742
f 828/1034/930 508/654/930 507/653/639
f 507/653/639 572/718/639 828/1034/930
f 666/812/712 516/662/582 515/661/570
f 515/661/570 829/1035/896 666/812/712
f 829/1035/931 515/661/931 518/664/640
f 518/664/640 573/719/640 829/1035/931
f 574/720/641 522/668/641 521/667/932
f 521/667/932 830/1036/932 574/720/641
f 830/1036/933 521/667/590 524/670/589
f 524/670/589 668/814/748 830/1036/933
f 670/816/750 666/812/712 829/1035/896
f 829/1035/896 831/1037/900 670/816/750
f 831/1037/901 829/1035/901 573/719/642
f 573/719/642 575/721/642 831/1037/901
f 576/722/643 574/720/643 830/1036/934
f 830/1036/934 832/1038/934 576/722/643
f 832/1038/935 830/1036/933 668/814/748
f 668/814/748 672/818/752 832/1038/935
f 674/820/754 670/816/750 831/1037/900
f 831/1037/900 833/1039/936 674/820/754
f 833/1039/937 831/1037/937 575/721/644
f 575/721/644 577/723/644 833/1039/937
f 578/724/645 576/722/645 832/1038/938
f 832/1038/938 834/1040/938 578/724/645
f 834/1040/939 832/1038/935 672/818/752
f 672/818/752 676/822/722 834/1040/939
f 678/824/756 674/820/754 833/1039/936
f 833/1039/936 835/1041/940 678/824/756
f 835/1041/941 833/1039/941 577/723/647
f 577/723/647 579/725/646 835/1041/941
f 580/726/648 578/724/648 834/1040/942
f 834/1040/942 836/1042/942 580/726/648
f 836/1042/943 834/1040/939 676/822/722
f 676/822/722 680/826/758 836/1042/943
f 682/828/728 678/824/756 835/1041/940
f 835/1041/940 837/1043/912 682/828/728
f 837/1043/944 835/1041/944 579/725/649
f 579/725/649 581/727/649 837/1043/944
f 582/728/650 580/726/650 836/1042/945
f 836/1042/945 838/1044/945 582/728/650
f 838/1044/915 836/1042/943 680/826/758
f 680/826/758 684/830/761 838/1044/915
f 686/832/763 682/828/728 837/1043/912
f 837/1043/912 839/1045/946 686/832/763
f 839/1045/948 837/1043/947 581/727/651
f 581/727/651 583/729/651 839/1045/948
f 584/730/652 582/728/652 838/1044/949
f 838/1044/949 840/1046/949 584/730/652
f 840/1046/950 838/1044/915 684/830/761
f 684/830/761 688/834/734 840/1046/950
f 690/836/765 686/832/763 839/1045/946
f 839/1045/946 841/1047/951 690/836/765
f 841/1047/952 839/1045/952 583/729/654
f 583/729/654 585/731/653 841/1047/952
f 586/732/656 584/730/655 840/1046/953
f 840/1046/953 842/1048/953 586/732/656
f 842/1048/954 840/1046/950 688/834/734
f 688/834/734 692/838/767 842/1048/954
f 694/840/769 690/836/765 841/1047/951
f 841/1047/951 843/1049/955 694/840/769
f 843/1049/925 841/1047/925 585/731/657
f 585/731/657 587/733/657 843/1049/925
f 588/734/658 586/732/658 842/1048/926
f 842/1048/926 844/1050/926 588/734/658
f 844/1050/956 842/1048/954 692/838/767
f 692/838/767 696/842/770 844/1050/956
f 587/733/660 517/663/659 514/660/929
f 514/660/929 843/1049/929 587/733/660
f 843/1049/955 514/660/581 513/659/580
f 513/659/580 694/840/769 843/1049/955
f 696/842/770 523/669/588 520/666/587
f 520/666/587 844/1050/956 696/842/770
f 844/1050/930 520/666/930 519/665/662
f 519/665/662 588/734/661 844/1050/930
f 702/848/776 528/674/592 527/673/570
f 527/673/570 845/1051/957 702/848/776
f 845/1051/897 527/673/897 530/676/663
f 530/676/663 589/735/663 845/1051/897
f 590/736/664 534/680/664 533/679/898
f 533/679/898 846/1052/898 590/736/664
f 846/1052/958 533/679/598 536/682/597
f 536/682/597 704/850/778 846/1052/958
f 706/852/716 702/848/776 845/1051/957
f 845/1051/957 847/1053/959 706/852/716
f 847/1053/960 845/1051/901 589/735/666
f 589/735/666 591/737/665 847/1053/960
f 592/738/668 590/736/667 846/1052/934
f 846/1052/934 848/1054/934 592/738/668
f 848/1054/961 846/1052/958 704/850/778
f 704/850/778 708/854/780 848/1054/961
f 710/856/781 706/852/716 847/1053/959
f 847/1053/959 849/1055/904 710/856/781
f 849/1055/937 847/1053/937 591/737/669
f 591/737/669 593/739/669 849/1055/937
f 594/740/670 592/738/670 848/1054/938
f 848/1054/938 850/1056/938 594/740/670
f 850/1056/962 848/1054/961 708/854/780
f 708/854/780 712/858/783 850/1056/962
f 714/860/756 710/856/781 849/1055/904
f 849/1055/904 851/1057/963 714/860/756
f 851/1057/941 849/1055/941 593/739/672
f 593/739/672 595/741/671 851/1057/941
f 596/742/673 594/740/673 850/1056/964
f 850/1056/964 852/1058/964 596/742/673
f 852/1058/965 850/1056/962 712/858/783
f 712/858/783 716/862/786 852/1058/965
f 718/864/788 714/860/756 851/1057/963
f 851/1057/963 853/1059/966 718/864/788
f 853/1059/913 851/1057/913 595/741/674
f 595/741/674 597/743/674 853/1059/913
f 598/744/675 596/742/675 852/1058/914
f 852/1058/914 854/1060/914 598/744/675
f 854/1060/967 852/1058/965 716/862/786
f 716/862/786 720/866/790 854/1060/967
f 722/868/792 718/864/788 853/1059/966
f 853/1059/966 855/1061/968 722/868/792
f 855/1061/969 853/1059/969 597/743/676
f 597/743/676 599/745/676 855/1061/969
f 600/746/677 598/744/677 854/1060/970
f 854/1060/970 856/1062/970 600/746/677
f 856/1062/971 854/1060/967 720/866/790
f 720/866/790 724/870/794 856/1062/971
f 726/872/796 722/868/792 855/1061/968
f 855/1061/968 857/1063/972 726/872/796
f 857/1063/973 855/1061/973 599/745/678
f 599/745/678 601/747/678 857/1063/973
f 602/748/679 600/746/679 856/1062/974
f 856/1062/974 858/1064/974 602/748/679
f 858/1064/975 856/1062/971 724/870/794
f 724/870/794 728/874/767 858/1064/975
f 730/876/798 726/872/796 857/1063/972
f 857/1063/972 859/1065/976 730/876/798
f 859/1065/977 857/1063/977 601/747/680
f 601/747/680 603/749/680 859/1065/977
f 604/750/681 602/748/681 858/1064/978
f 858/1064/978 860/1066/978 604/750/681
f 860/1066/979 858/1064/975 728/874/767
f 728/874/767 732/878/800 860/1066/979
f 603/749/682 529/675/682 526/672/980
f 526/672/980 859/1065/980 603/749/682
f 859/1065/976 526/672/591 525/671/580
f 525/671/580 730/876/798 859/1065/976
f 732/878/800 535/681/596 532/678/595
f 532/678/595 860/1066/979 732/878/800
f 860/1066/981 532/678/981 531/677/683
f 531/677/683 604/750/683 860/1066/981
f 864/1070/982 861/1067/982 862/1068/983
f 862/1068/983 863/1069/983 864/1070/982
f 863/1074/987 862/1071/984 865/1072/985
f 865/1072/985 866/1073/986 863/1074/987
f 870/1078/991 867/1075/988 868/1076/989
f 868/1076/989 869/1077/990 870/1078/991
f 874/1082/995 871/1079/992 872/1080/993
f 872/1080/993 873/1081/994 874/1082/995
f 876/1084/997 875/1083/996 871/1079/992
f 871/1079/992 874/1082/995 876/1084/997
f 878/1086/999 877/1085/998 875/1083/996
f 875/1083/996 876/1084/997 878/1086/999
f 880/1088/1001 879/1087/1000 877/1085/998
f 877/1085/998 878/1086/999 880/1088/1001
f 882/1090/1003 881/1089/1002 879/1087/1000
f 879/1087/1000 880/1088/1001 882/1090/1003
f 884/1092/1005 883/1091/1004 881/1089/1002
f 881/1089/1002 882/1090/1003 884/1092/1005
f 886/1094/1007 885/1093/1006 883/1091/1004
f 883/1091/1004 884/1092/1005 886/1094/1007
f 869/1077/990 868/1076/989 885/1093/1006
f 885/1093/1006 886/1094/1007 869/1077/990
f 873/1081/994 872/1080/993 867/1075/988
f 867/1075/988 870/1078/991 873/1081/994
f 890/1098/1009 887/1095/1008 888/1096/1008
f 888/1096/1008 889/1097/1009 890/1098/1009
f 894/1102/1011 891/1099/1010 892/1100/1010
f 892/1100/1010 893/1101/1011 894/1102/1011
f 896/1104/1013 895/1103/1012 891/1099/1012
f 891/1099/1012 894/1102/1013 896/1104/1013
f 898/1106/1015 897/1105/1014 895/1103/1014
f 895/1103/1014 896/1104/1015 898/1106/1015
f 900/1108/1017 899/1107/1016 897/1105/1016
f 897/1105/1016 898/1106/1017 900/1108/1017
f 902/1110/1019 901/1109/1018 899/1107/1018
f 899/1107/1018 900/1108/1019 902/1110/1019
f 904/1112/1021 903/1111/1020 901/1109/1020
f 901/1109/1020 902/1110/1021 904/1112/1021
f 906/1114/1023 905/1113/1022 903/1111/1022
f 903/1111/1022 904/1112/1023 906/1114/1023
f 889/1097/1025 888/1096/1024 905/1113/1024
f 905/1113/1024 906/1114/1025 889/1097/1025
f 893/1101/1027 892/1100/1026 887/1095/1026
f 887/1095/1026 890/1098/1027 893/1101/1027
f 910/1118/1031 907/1115/1028 908/1116/1029
f 908/1116/1029 909/1117/1030 910/1118/1031
f 914/1122/1035 911/1119/1032 912/1120/1033
f 912/1120/1033 913/1121/1034 914/1122/1035
f 916/1124/1037 915/1123/1036 911/1119/1032
f 911/1119/1032 914/1122/1035 916/1124/1037
f 918/1126/1039 917/1125/1038 915/1123/1036
f 915/1123/1036 916/1124/1037 918/1126/1039
f 920/1128/1041 919/1127/1040 917/1125/1038
f 917/1125/1038 918/1126/1039 920/1128/1041
f 922/1130/1043 921/1129/1042 919/1127/1040
f 919/1127/1040 920/1128/1041 922/1130/1043
f 924/1132/1045 923/1131/1044 921/1129/1042
f 921/1129/1042 922/1130/1043 924/1132/1045
f 926/1134/1047 925/1133/1046 923/1131/1044
f 923/1131/1044 924/1132/1045 926/1134/1047
f 909/1117/1030 908/1116/1029 925/1133/1046
f 925/1133/1046 926/1134/1047 909/1117/1030
f 913/1121/1034 912/1120/1033 907/1115/1028
f 907/1115/1028 910/1118/1031 913/1121/1034
f 930/1138/1050 927/1135/1048 928/1136/1049
f 928/1136/1049 929/1137/1050 930/1138/1050
f 934/1142/1052 931/1139/1051 932/1140/1051
f 932/1140/1051 933/1141/1052 934/1142/1052
f 936/1144/1054 935/1143/1053 931/1139/1053
f 931/1139/1053 934/1142/1054 936/1144/1054
f 938/1146/1056 937/1145/1055 935/1143/1055
f 935/1143/1055 936/1144/1056 938/1146/1056
f 940/1148/1058 939/1147/1057 937/1145/1057
f 937/1145/1057 938/1146/1058 940/1148/1058
f 942/1150/1060 941/1149/1059 939/1147/1059
f 939/1147/1059 940/1148/1060 942/1150/1060
f 944/1152/1062 943/1151/1061 941/1149/1061
f 941/1149/1061 942/1150/1062 944/1152/1062
f 946/1154/1064 945/1153/1063 943/1151/1063
f 943/1151/1063 944/1152/1064 946/1154/1064
f 929/1137/1066 928/1136/1065 945/1153/1065
f 945/1153/1065 946/1154/1066 929/1137/1066
f 933/1141/1068 932/1140/1067 927/1135/1067
f 927/1135/1067 930/1138/1068 933/1141/1068
f 950/1158/1072 947/1155/1069 948/1156/1070
f 948/1156/1070 949/1157/1071 950/1158/1072
f 954/1162/1076 951/1159/1073 952/1160/1074
f 952/1160/1074 953/1161/1075 954/1162/1076
f 956/1164/1078 955/1163/1077 951/1159/1073
f 951/1159/1073 954/1162/1076 956/1164/1078
f 958/1166/1080 957/1165/1079 955/1163/1077
f 955/1163/1077 956/1164/1078 958/1166/1080
f 960/1168/1082 959/1167/1081 957/1165/1079
f 957/1165/1079 958/1166/1080 960/1168/1082
f 962/1170/1084 961/1169/1083 959/1167/1081
f 959/1167/1081 960/1168/1082 962/1170/1084
f 964/1172/1086 963/1171/1085 961/1169/1083
f 961/1169/1083 962/1170/1084 964/1172/1086
f 966/1174/1088 965/1173/1087 963/1171/1085
f 963/1171/1085 964/1172/1086 966/1174/1088
f 949/1157/1071 948/1156/1070 965/1173/1087
f 965/1173/1087 966/1174/1088 949/1157/1071
f 953/1161/1075 952/1160/1074 947/1155/1069
f 947/1155/1069 950/1158/1072 953/1161/1075
f 970/1178/1090 967/1175/1089 968/1176/1089
f 968/1176/1089 969/1177/1090 970/1178/1090
f 864/1070/982 971/1179/1091 972/1180/1092
f 972/1180/1092 861/1067/982 864/1070/982
f 974/1182/1095 973/1181/1093 971/1179/1093
f 971/1179/1093 864/1070/1094 974/1182/1095
f 976/1184/1097 975/1183/1096 973/1181/1096
f 973/1181/1096 974/1182/1097 976/1184/1097
f 978/1186/1099 977/1185/1098 975/1183/1098
f 975/1183/1098 976/1184/1099 978/1186/1099
f 980/1188/1101 979/1187/1100 977/1185/1100
f 977/1185/1100 978/1186/1101 980/1188/1101
f 982/1190/1103 981/1189/1102 979/1187/1102
f 979/1187/1102 980/1188/1103 982/1190/1103
f 984/1192/1105 983/1191/1104 981/1189/1104
f 981/1189/1104 982/1190/1105 984/1192/1105
f 969/1177/1107 968/1176/1106 983/1191/1106
f 983/1191/1106 984/1192/1107 969/1177/1107
f 861/1067/1109 972/1180/1108 967/1175/1108
f 967/1175/1108 970/1178/1109 861/1067/1109
f 865/1072/985 985/1193/1110 986/1194/1111
f 986/1194/1111 866/1073/986 865/1072/985
f 866/1073/986 986/1194/1111 987/1195/1112
f 987/1195/1112 988/1196/1113 866/1073/986
f 988/1196/1113 987/1195/1112 989/1197/1114
f 989/1197/1114 990/1198/1115 988/1196/1113
f 990/1198/1115 989/1197/1114 991/1199/1116
f 991/1199/1116 992/1200/1117 990/1198/1115
f 783/969/887 993/1201/1118 994/1202/1118
f 994/1202/1118 802/997/887 783/969/887
f 800/994/883 995/1203/1119 996/1204/1119
f 996/1204/1119 798/991/883 800/994/883
f 798/991/881 996/1204/1120 997/1205/1120
f 997/1205/1120 796/988/881 798/991/881
f 796/988/880 997/1205/1121 998/1206/1121
f 998/1206/1121 794/985/880 796/988/880
f 794/985/877 998/1206/1122 999/1207/1122
f 999/1207/1122 792/982/877 794/985/877
f 792/982/876 999/1207/1123 1000/1208/1123
f 1000/1208/1123 790/979/876 792/982/876
f 790/979/874 1000/1208/1124 1001/1209/1124
f 1001/1209/1124 788/976/874 790/979/874
f 788/976/873 1001/1209/1125 1002/1210/1125
f 1002/1210/1125 786/972/873 788/976/873
f 786/972/872 1002/1210/1126 993/1201/1126
f 993/1201/1126 783/969/872 786/972/872
f 802/997/885 994/1202/1127 995/1203/1127
f 995/1203/1127 800/994/885 802/997/885
f 885/1093/1006 868/1076/989 1003/1211/1128
f 1003/1211/1128 1004/1212/1129 885/1093/1006
f 1004/1214/1129 1003/1213/1128 993/1201/1126
f 993/1201/1126 1002/1210/1126 1004/1214/1129
f 994/1202/1118 993/1201/1118 1003/1213/1128
f 1003/1213/1128 1005/1215/1130 994/1202/1118
f 1005/1216/1130 1003/1211/1128 868/1076/989
f 868/1076/989 867/1075/988 1005/1216/1130
f 995/1203/1127 994/1202/1127 1005/1215/1130
f 1005/1215/1130 1006/1217/1131 995/1203/1127
f 1006/1218/1131 1005/1216/1130 867/1075/988
f 867/1075/988 872/1080/993 1006/1218/1131
f 996/1204/1119 995/1203/1119 1006/1217/1131
f 1006/1217/1131 1007/1219/1132 996/1204/1119
f 1007/1220/1132 1006/1218/1131 872/1080/993
f 872/1080/993 871/1079/992 1007/1220/1132
f 997/1205/1120 996/1204/1120 1007/1219/1132
f 1007/1219/1132 1008/1221/1133 997/1205/1120
f 1008/1222/1133 1007/1220/1132 871/1079/992
f 871/1079/992 875/1083/996 1008/1222/1133
f 998/1206/1121 997/1205/1121 1008/1221/1133
f 1008/1221/1133 1009/1223/1134 998/1206/1121
f 1009/1224/1134 1008/1222/1133 875/1083/996
f 875/1083/996 877/1085/998 1009/1224/1134
f 999/1207/1122 998/1206/1122 1009/1223/1134
f 1009/1223/1134 1010/1225/1135 999/1207/1122
f 1010/1226/1135 1009/1224/1134 877/1085/998
f 877/1085/998 879/1087/1000 1010/1226/1135
f 1000/1208/1123 999/1207/1123 1010/1225/1135
f 1010/1225/1135 1011/1227/1136 1000/1208/1123
f 1011/1228/1136 1010/1226/1135 879/1087/1000
f 879/1087/1000 881/1089/1002 1011/1228/1136
f 1001/1209/1124 1000/1208/1124 1011/1227/1136
f 1011/1227/1136 1012/1229/1137 1001/1209/1124
f 1012/1230/1137 1011/1228/1136 881/1089/1002
f 881/1089/1002 883/1091/1004 1012/1230/1137
f 1002/1210/1125 1001/1209/1125 1012/1229/1137
f 1012/1229/1137 1004/1214/1129 1002/1210/1125
f 1004/1212/1129 1012/1230/1137 883/1091/1004
f 883/1091/1004 885/1093/1006 1004/1212/1129
f 870/1078/991 869/1077/990 1013/1231/1138
f 1013/1231/1138 1014/1232/1139 870/1078/991
f 1014/1232/1139 1013/1231/1138 888/1096/1008
f 888/1096/1008 887/1095/1008 1014/1232/1139
f 873/1081/994 870/1078/991 1014/1232/1139
f 1014/1232/1139 1015/1233/1140 873/1081/994
f 1015/1233/1140 1014/1232/1139 887/1095/1026
f 887/1095/1026 892/1100/1026 1015/1233/1140
f 874/1082/995 873/1081/994 1015/1233/1140
f 1015/1233/1140 1016/1234/1141 874/1082/995
f 1016/1234/1141 1015/1233/1140 892/1100/1010
f 892/1100/1010 891/1099/1010 1016/1234/1141
f 876/1084/997 874/1082/995 1016/1234/1141
f 1016/1234/1141 1017/1235/1142 876/1084/997
f 1017/1235/1142 1016/1234/1141 891/1099/1012
f 891/1099/1012 895/1103/1012 1017/1235/1142
f 878/1086/999 876/1084/997 1017/1235/1142
f 1017/1235/1142 1018/1236/1143 878/1086/999
f 1018/1236/1143 1017/1235/1142 895/1103/1014
f 895/1103/1014 897/1105/1014 1018/1236/1143
f 880/1088/1001 878/1086/999 1018/1236/1143
f 1018/1236/1143 1019/1237/1144 880/1088/1001
f 1019/1237/1144 1018/1236/1143 897/1105/1016
f 897/1105/1016 899/1107/1016 1019/1237/1144
f 882/1090/1003 880/1088/1001 1019/1237/1144
f 1019/1237/1144 1020/1238/1145 882/1090/1003
f 1020/1238/1145 1019/1237/1144 899/1107/1018
f 899/1107/1018 901/1109/1018 1020/1238/1145
f 884/1092/1005 882/1090/1003 1020/1238/1145
f 1020/1238/1145 1021/1239/1146 884/1092/1005
f 1021/1239/1146 1020/1238/1145 901/1109/1020
f 901/1109/1020 903/1111/1020 1021/1239/1146
f 886/1094/1007 884/1092/1005 1021/1239/1146
f 1021/1239/1146 1022/1240/1147 886/1094/1007
f 1022/1240/1147 1021/1239/1146 903/1111/1022
f 903/1111/1022 905/1113/1022 1022/1240/1147
f 905/1113/1024 888/1096/1024 1013/1231/1138
f 1013/1231/1138 1022/1240/1147 905/1113/1024
f 1022/1240/1147 1013/1231/1138 869/1077/990
f 869/1077/990 886/1094/1007 1022/1240/1147
f 890/1098/1009 889/1097/1009 1023/1241/1148
f 1023/1241/1148 1024/1242/1148 890/1098/1009
f 1024/1242/1150 1023/1241/1149 908/1116/1029
f 908/1116/1029 907/1115/1028 1024/1242/1150
f 893/1101/1027 890/1098/1027 1024/1242/1151
f 1024/1242/1151 1025/1243/1151 893/1101/1027
f 1025/1243/1152 1024/1242/1150 907/1115/1028
f 907/1115/1028 912/1120/1033 1025/1243/1152
f 894/1102/1011 893/1101/1011 1025/1243/1153
f 1025/1243/1153 1026/1244/1153 894/1102/1011
f 1026/1244/1154 1025/1243/1152 912/1120/1033
f 912/1120/1033 911/1119/1032 1026/1244/1154
f 896/1104/1013 894/1102/1013 1026/1244/1155
f 1026/1244/1155 1027/1245/1155 896/1104/1013
f 1027/1245/1156 1026/1244/1154 911/1119/1032
f 911/1119/1032 915/1123/1036 1027/1245/1156
f 898/1106/1015 896/1104/1015 1027/1245/1157
f 1027/1245/1157 1028/1246/1157 898/1106/1015
f 1028/1246/1158 1027/1245/1156 915/1123/1036
f 915/1123/1036 917/1125/1038 1028/1246/1158
f 900/1108/1017 898/1106/1017 1028/1246/1159
f 1028/1246/1159 1029/1247/1159 900/1108/1017
f 1029/1247/1160 1028/1246/1158 917/1125/1038
f 917/1125/1038 919/1127/1040 1029/1247/1160
f 902/1110/1019 900/1108/1019 1029/1247/1161
f 1029/1247/1161 1030/1248/1161 902/1110/1019
f 1030/1248/1162 1029/1247/1160 919/1127/1040
f 919/1127/1040 921/1129/1042 1030/1248/1162
f 904/1112/1021 902/1110/1021 1030/1248/1163
f 1030/1248/1163 1031/1249/1163 904/1112/1021
f 1031/1249/1164 1030/1248/1162 921/1129/1042
f 921/1129/1042 923/1131/1044 1031/1249/1164
f 906/1114/1023 904/1112/1023 1031/1249/1165
f 1031/1249/1165 1032/1250/1165 906/1114/1023
f 1032/1250/1166 1031/1249/1164 923/1131/1044
f 923/1131/1044 925/1133/1046 1032/1250/1166
f 925/1133/1046 908/1116/1029 1023/1241/1149
f 1023/1241/1149 1032/1250/1166 925/1133/1046
f 1032/1250/1167 1023/1241/1167 889/1097/1025
f 889/1097/1025 906/1114/1025 1032/1250/1167
f 910/1118/1031 909/1117/1030 1033/1251/1168
f 1033/1251/1168 1034/1252/1169 910/1118/1031
f 1034/1254/1170 1033/1253/1170 928/1136/1049
f 928/1136/1049 927/1135/1048 1034/1254/1170
f 913/1121/1034 910/1118/1031 1034/1252/1169
f 1034/1252/1169 1035/1255/1171 913/1121/1034
f 1035/1256/1172 1034/1254/1172 927/1135/1067
f 927/1135/1067 932/1140/1067 1035/1256/1172
f 914/1122/1035 913/1121/1034 1035/1255/1171
f 1035/1255/1171 1036/1257/1173 914/1122/1035
f 1036/1258/1174 1035/1256/1174 932/1140/1051
f 932/1140/1051 931/1139/1051 1036/1258/1174
f 916/1124/1037 914/1122/1035 1036/1257/1173
f 1036/1257/1173 1037/1259/1175 916/1124/1037
f 1037/1260/1177 1036/1258/1176 931/1139/1053
f 931/1139/1053 935/1143/1053 1037/1260/1177
f 918/1126/1039 916/1124/1037 1037/1259/1175
f 1037/1259/1175 1038/1261/1178 918/1126/1039
f 1038/1262/1179 1037/1260/1179 935/1143/1055
f 935/1143/1055 937/1145/1055 1038/1262/1179
f 920/1128/1041 918/1126/1039 1038/1261/1178
f 1038/1261/1178 1039/1263/1180 920/1128/1041
f 1039/1264/1181 1038/1262/1181 937/1145/1057
f 937/1145/1057 939/1147/1057 1039/1264/1181
f 922/1130/1043 920/1128/1041 1039/1263/1180
f 1039/1263/1180 1040/1265/1182 922/1130/1043
f 1040/1266/1183 1039/1264/1183 939/1147/1059
f 939/1147/1059 941/1149/1059 1040/1266/1183
f 924/1132/1045 922/1130/1043 1040/1265/1182
f 1040/1265/1182 1041/1267/1184 924/1132/1045
f 1041/1268/1185 1040/1266/1185 941/1149/1061
f 941/1149/1061 943/1151/1061 1041/1268/1185
f 926/1134/1047 924/1132/1045 1041/1267/1184
f 1041/1267/1184 1042/1269/1186 926/1134/1047
f 1042/1270/1188 1041/1268/1187 943/1151/1063
f 943/1151/1063 945/1153/1063 1042/1270/1188
f 945/1153/1065 928/1136/1065 1033/1253/1189
f 1033/1253/1189 1042/1270/1189 945/1153/1065
f 1042/1269/1186 1033/1251/1168 909/1117/1030
f 909/1117/1030 926/1134/1047 1042/1269/1186
f 930/1138/1050 929/1137/1050 1043/1271/1190
f 1043/1271/1190 1044/1272/1190 930/1138/1050
f 1044/1274/1192 1043/1273/1191 948/1156/1070
f 948/1156/1070 947/1155/1069 1044/1274/1192
f 933/1141/1068 930/1138/1068 1044/1272/1193
f 1044/1272/1193 1045/1275/1193 933/1141/1068
f 1045/1276/1194 1044/1274/1192 947/1155/1069
f 947/1155/1069 952/1160/1074 1045/1276/1194
f 934/1142/1052 933/1141/1052 1045/1275/1195
f 1045/1275/1195 1046/1277/1195 934/1142/1052
f 1046/1278/1196 1045/1276/1194 952/1160/1074
f 952/1160/1074 951/1159/1073 1046/1278/1196
f 936/1144/1054 934/1142/1054 1046/1277/1197
f 1046/1277/1197 1047/1279/1197 936/1144/1054
f 1047/1280/1198 1046/1278/1196 951/1159/1073
f 951/1159/1073 955/1163/1077 1047/1280/1198
f 938/1146/1056 936/1144/1056 1047/1279/1199
f 1047/1279/1199 1048/1281/1199 938/1146/1056
f 1048/1282/1200 1047/1280/1198 955/1163/1077
f 955/1163/1077 957/1165/1079 1048/1282/1200
f 940/1148/1058 938/1146/1058 1048/1281/1201
f 1048/1281/1201 1049/1283/1201 940/1148/1058
f 1049/1284/1202 1048/1282/1200 957/1165/1079
f 957/1165/1079 959/1167/1081 1049/1284/1202
f 942/1150/1060 940/1148/1060 1049/1283/1203
f 1049/1283/1203 1050/1285/1203 942/1150/1060
f 1050/1286/1204 1049/1284/1202 959/1167/1081
f 959/1167/1081 961/1169/1083 1050/1286/1204
f 944/1152/1062 942/1150/1062 1050/1285/1205
f 1050/1285/1205 1051/1287/1205 944/1152/1062
f 1051/1288/1206 1050/1286/1204 961/1169/1083
f 961/1169/1083 963/1171/1085 1051/1288/1206
f 946/1154/1064 944/1152/1064 1051/1287/1207
f 1051/1287/1207 1052/1289/1207 946/1154/1064
f 1052/1290/1208 1051/1288/1206 963/1171/1085
f 963/1171/1085 965/1173/1087 1052/1290/1208
f 965/1173/1087 948/1156/1070 1043/1273/1191
f 1043/1273/1191 1052/1290/1208 965/1173/1087
f 1052/1289/1209 1043/1271/1209 929/1137/1066
f 929/1137/1066 946/1154/1066 1052/1289/1209
f 950/1158/1072 949/1157/1071 1053/1291/1210
f 1053/1291/1210 1054/1292/1211 950/1158/1072
f 1054/1294/1213 1053/1293/1212 968/1176/1089
f 968/1176/1089 967/1175/1089 1054/1294/1213
f 953/1161/1075 950/1158/1072 1054/1292/1211
f 1054/1292/1211 1055/1295/1214 953/1161/1075
f 1055/1296/1215 1054/1294/1215 967/1175/1108
f 967/1175/1108 972/1180/1108 1055/1296/1215
f 954/1162/1076 953/1161/1075 1055/1295/1214
f 1055/1295/1214 1056/1297/1216 954/1162/1076
f 1056/1298/1217 1055/1296/1217 972/1180/1092
f 972/1180/1092 971/1179/1091 1056/1298/1217
f 956/1164/1078 954/1162/1076 1056/1297/1216
f 1056/1297/1216 1057/1299/1218 956/1164/1078
f 1057/1300/1219 1056/1298/1219 971/1179/1093
f 971/1179/1093 973/1181/1093 1057/1300/1219
f 958/1166/1080 956/1164/1078 1057/1299/1218
f 1057/1299/1218 1058/1301/1220 958/1166/1080
f 1058/1302/1221 1057/1300/1221 973/1181/1096
f 973/1181/1096 975/1183/1096 1058/1302/1221
f 960/1168/1082 958/1166/1080 1058/1301/1220
f 1058/1301/1220 1059/1303/1222 960/1168/1082
f 1059/1304/1223 1058/1302/1223 975/1183/1098
f 975/1183/1098 977/1185/1098 1059/1304/1223
f 962/1170/1084 960/1168/1082 1059/1303/1222
f 1059/1303/1222 1060/1305/1224 962/1170/1084
f 1060/1306/1225 1059/1304/1225 977/1185/1100
f 977/1185/1100 979/1187/1100 1060/1306/1225
f 964/1172/1086 962/1170/1084 1060/1305/1224
f 1060/1305/1224 1061/1307/1226 964/1172/1086
f 1061/1308/1227 1060/1306/1227 979/1187/1102
f 979/1187/1102 981/1189/1102 1061/1308/1227
f 966/1174/1088 964/1172/1086 1061/1307/1226
f 1061/1307/1226 1062/1309/1228 966/1174/1088
f 1062/1310/1229 1061/1308/1229 981/1189/1104
f 981/1189/1104 983/1191/1104 1062/1310/1229
f 983/1191/1106 968/1176/1106 1053/1293/1230
f 1053/1293/1230 1062/1310/1230 983/1191/1106
f 1062/1309/1228 1053/1291/1210 949/1157/1071
f 949/1157/1071 966/1174/1088 1062/1309/1228
f 970/1178/1090 969/1177/1090 1063/1311/1231
f 1063/1311/1231 1064/1312/1231 970/1178/1090
f 1064/1314/1233 1063/1313/1232 986/1194/1111
f 986/1194/1111 985/1193/1110 1064/1314/1233
f 861/1067/1109 970/1178/1109 1064/1312/1234
f 1064/1312/1234 862/1068/1234 861/1067/1109
f 862/1071/984 1064/1314/1233 985/1193/1110
f 985/1193/1110 865/1072/985 862/1071/984
f 974/1182/1095 864/1070/1094 863/1069/1235
f 863/1069/1235 1065/1315/1235 974/1182/1095
f 1065/1316/1236 863/1074/987 866/1073/986
f 866/1073/986 988/1196/1113 1065/1316/1236
f 976/1184/1097 974/1182/1097 1065/1315/1237
f 1065/1315/1237 1066/1317/1237 976/1184/1097
f 1066/1318/1238 1065/1316/1236 988/1196/1113
f 988/1196/1113 990/1198/1115 1066/1318/1238
f 978/1186/1099 976/1184/1099 1066/1317/1239
f 1066/1317/1239 1067/1319/1239 978/1186/1099
f 1067/1320/1240 1066/1318/1238 990/1198/1115
f 990/1198/1115 992/1200/1117 1067/1320/1240
f 980/1188/1101 978/1186/1101 1067/1319/905
f 1067/1319/905 1068/1321/905 980/1188/1101
f 1068/1322/1241 1067/1320/1240 992/1200/1117
f 992/1200/1117 991/1199/1116 1068/1322/1241
f 982/1190/1103 980/1188/1103 1068/1321/1242
f 1068/1321/1242 1069/1323/1242 982/1190/1103
f 1069/1324/1243 1068/1322/1241 991/1199/1116
f 991/1199/1116 989/1197/1114 1069/1324/1243
f 984/1192/1105 982/1190/1105 1069/1323/1244
f 1069/1323/1244 1070/1325/1244 984/1192/1105
f 1070/1326/1245 1069/1324/1243 989/1197/1114
f 989/1197/1114 987/1195/1112 1070/1326/1245
f 987/1195/1112 986/1194/1111 1063/1313/1232
f 1063/1313/1232 1070/1326/1245 987/1195/1112
f 1070/1325/1247 1063/1311/1246 969/1177/1107
f 969/1177/1107 984/1192/1107 1070/1325/1247
